episode,total_reward,steps,duration,player_hp,enemy_hp,shots,hits,epsilon
1,-59.95,1001,166.83,1,1,69,2,0.9995
2,-59.07,1001,166.83,3,2,68,1,0.999
3,-59.23,1001,166.83,2,2,72,1,0.9985
4,-59.42,1001,166.83,3,2,72,1,0.998
5,-58.99,1001,166.83,3,1,69,2,0.9975
6,-58.82,1001,166.83,2,2,67,1,0.997
7,-58.93,1001,166.83,2,2,74,1,0.9965
8,-58.89,1001,166.83,3,2,70,1,0.996
9,-58.01,1001,166.83,2,1,67,2,0.9955
10,-59.65,1001,166.83,1,1,73,2,0.995
11,58.72,694,115.67,3,0,51,3,0.9945
12,-58.75,1001,166.83,1,2,70,1,0.994
13,58.55,703,117.17,2,0,50,3,0.9935
14,-141.28,699,116.5,0,1,50,2,0.993
15,-59.24,1001,166.83,3,1,71,2,0.9925
16,-59.44,1001,166.83,1,2,75,1,0.992
17,-59.56,1001,166.83,3,3,74,0,0.9915
18,77.83,372,62.0,3,0,28,3,0.991
19,-59.19,1001,166.83,1,2,70,1,0.9905
20,66.67,556,92.67,2,0,38,3,0.99
21,-58.45,1001,166.83,3,2,71,1,0.9896
22,-59.27,1001,166.83,1,2,72,1,0.9891
23,-60.43,1001,166.83,3,3,71,0,0.9886
24,-59.09,1001,166.83,1,1,72,2,0.9881
25,77.34,382,63.67,2,0,28,3,0.9876
26,-59.46,1001,166.83,1,1,76,2,0.9871
27,-142.74,710,118.33,0,1,51,2,0.9866
28,43.24,946,157.67,1,0,69,3,0.9861
29,-137.92,633,105.5,0,3,43,0,0.9856
30,-59.56,1001,166.83,3,3,74,0,0.9851
31,-59.21,1001,166.83,2,3,69,0,0.9846
32,-59.84,1001,166.83,2,2,71,1,0.9841
33,-58.63,1001,166.83,3,3,70,0,0.9836
34,59.67,685,114.17,3,0,49,3,0.9831
35,-59.21,1001,166.83,3,3,71,0,0.9826
36,-58.77,1001,166.83,3,3,68,0,0.9822
37,-157.73,986,164.33,0,1,72,2,0.9817
38,-59.53,1001,166.83,1,2,72,1,0.9812
39,-58.75,1001,166.83,1,3,73,0,0.9807
40,-123.45,392,65.33,0,3,29,0,0.9802
41,-59.76,1001,166.83,1,2,72,1,0.9797
42,-155.77,943,157.17,0,2,67,1,0.9792
43,68.01,541,90.17,2,0,37,3,0.9787
44,72.86,460,76.67,2,0,34,3,0.9782
45,50.33,837,139.5,3,0,63,3,0.9777
46,-60.17,1001,166.83,3,1,71,2,0.9773
47,-129.87,512,85.33,0,1,37,2,0.9768
48,53.51,791,131.83,3,0,52,3,0.9763
49,-59.21,1001,166.83,1,2,69,1,0.9758
50,-58.98,1001,166.83,1,3,69,0,0.9753
51,-58.72,1001,166.83,3,3,67,0,0.9748
52,84.59,259,43.17,1,0,19,3,0.9743
53,55.56,742,123.67,1,0,51,3,0.9738
54,48.02,874,145.67,2,0,64,3,0.9734
55,-60.02,1001,166.83,3,1,74,2,0.9729
56,-59.62,1001,166.83,3,3,72,0,0.9724
57,-59.62,1001,166.83,3,1,74,2,0.9719
58,-58.89,1001,166.83,3,3,75,0,0.9714
59,57.28,720,120.0,1,0,54,3,0.9709
60,-153.05,894,149.0,0,1,66,2,0.9704
61,-59.49,1001,166.83,1,3,71,0,0.97
62,-115.06,252,42.0,0,2,20,1,0.9695
63,-58.65,1001,166.83,3,2,74,1,0.969
64,84.8,251,41.83,2,0,21,3,0.9685
65,-59.17,1001,166.83,3,3,68,0,0.968
66,-59.79,1001,166.83,1,2,71,1,0.9675
67,-109.85,168,28.0,0,2,12,1,0.967
68,-59.75,1001,166.83,1,2,70,1,0.9666
69,-112.6,214,35.67,0,3,13,0,0.9661
70,-106.1,102,17.0,0,3,9,0,0.9656
71,-121.26,359,59.83,0,2,23,1,0.9651
72,-58.62,1001,166.83,3,2,65,1,0.9646
73,-60.38,1001,166.83,2,2,75,1,0.9641
74,-58.79,1001,166.83,2,1,66,2,0.9637
75,-59.65,1001,166.83,3,3,67,0,0.9632
76,-58.47,1001,166.83,2,3,71,0,0.9627
77,-59.49,1001,166.83,1,1,66,2,0.9622
78,-59.37,1001,166.83,1,1,69,2,0.9617
79,-59.66,1001,166.83,3,2,71,1,0.9613
80,-127.34,461,76.83,0,2,32,1,0.9608
81,-144.58,753,125.5,0,1,52,2,0.9603
82,-59.63,1001,166.83,3,3,71,0,0.9598
83,-59.6,1001,166.83,2,2,77,1,0.9593
84,-129.86,509,84.83,0,2,33,1,0.9589
85,-59.42,1001,166.83,3,1,68,2,0.9584
86,-59.52,1001,166.83,1,2,70,1,0.9579
87,-59.25,1001,166.83,2,3,70,0,0.9574
88,-133.7,567,94.5,0,3,42,0,0.9569
89,63.37,608,101.33,2,0,45,3,0.9565
90,-155.2,926,154.33,0,1,69,2,0.956
91,47.84,878,146.33,1,0,66,3,0.9555
92,-58.54,1001,166.83,3,1,70,2,0.955
93,-59.34,1001,166.83,1,2,68,1,0.9546
94,-59.39,1001,166.83,1,2,73,1,0.9541
95,-59.35,1001,166.83,3,2,69,1,0.9536
96,-125.38,432,72.0,0,3,32,0,0.9531
97,-58.62,1001,166.83,3,2,67,1,0.9526
98,49.27,855,142.5,3,0,59,3,0.9522
99,81.35,316,52.67,1,0,25,3,0.9517
100,70.02,500,83.33,2,0,33,3,0.9512
101,-154.42,923,153.83,0,3,65,0,0.9507
102,-59.93,1001,166.83,3,3,72,0,0.9503
103,-118.33,306,51.0,0,3,22,0,0.9498
104,-60.19,1001,166.83,2,2,75,1,0.9493
105,62.43,631,105.17,2,0,41,3,0.9488
106,-58.78,1001,166.83,3,3,73,0,0.9484
107,-58.67,1001,166.83,2,2,67,1,0.9479
108,-58.96,1001,166.83,1,2,68,1,0.9474
109,80.43,323,53.83,2,0,22,3,0.9469
110,-150.96,857,142.83,0,1,59,2,0.9465
111,-59.75,1001,166.83,1,3,75,0,0.946
112,-59.87,1001,166.83,1,1,65,2,0.9455
113,-60.1,1001,166.83,2,1,72,2,0.9451
114,59.28,680,113.33,3,0,51,3,0.9446
115,61.59,649,108.17,3,0,45,3,0.9441
116,-144.9,759,126.5,0,1,51,2,0.9436
117,-59.81,1001,166.83,1,2,67,1,0.9432
118,53.29,795,132.5,1,0,53,3,0.9427
119,-114.85,245,40.83,0,1,18,2,0.9422
120,-59.18,1001,166.83,3,1,68,2,0.9418
121,-58.78,1001,166.83,2,1,66,2,0.9413
122,-59.59,1001,166.83,3,3,70,0,0.9408
123,74.52,429,71.5,1,0,30,3,0.9403
124,-60.03,1001,166.83,1,2,71,1,0.9399
125,-59.43,1001,166.83,2,3,69,0,0.9394
126,-59.6,1001,166.83,1,3,72,0,0.9389
127,-59.96,1001,166.83,2,2,76,1,0.9385
128,-59.55,1001,166.83,3,2,70,1,0.938
129,85.6,244,40.67,1,0,17,3,0.9375
130,74.7,432,72.0,2,0,29,3,0.9371
131,-58.57,1001,166.83,2,3,69,0,0.9366
132,-60.42,1001,166.83,3,1,75,2,0.9361
133,49.41,850,141.67,3,0,58,3,0.9356
134,-60.14,1001,166.83,1,3,68,0,0.9352
135,80.0,341,56.83,2,0,23,3,0.9347
136,-156.04,951,158.5,0,1,67,2,0.9342
137,71.3,476,79.33,1,0,31,3,0.9338
138,-59.47,1001,166.83,3,2,69,1,0.9333
139,-58.77,1001,166.83,2,2,66,1,0.9328
140,-59.6,1001,166.83,3,2,68,1,0.9324
141,-58.88,1001,166.83,3,3,63,0,0.9319
142,51.95,817,136.17,3,0,58,3,0.9314
143,-129.66,500,83.33,0,3,34,0,0.931
144,-135.04,592,98.67,0,3,40,0,0.9305
145,-138.64,650,108.33,0,3,46,0,0.93
146,-152.88,892,148.67,0,2,63,1,0.9296
147,80.95,328,54.67,2,0,22,3,0.9291
148,-115.65,267,44.5,0,1,17,2,0.9287
149,-59.09,1001,166.83,2,1,66,2,0.9282
150,-145.9,770,128.33,0,3,54,0,0.9277
151,-153.73,907,151.17,0,3,65,0,0.9273
152,49.93,845,140.83,1,0,59,3,0.9268
153,-59.34,1001,166.83,3,3,71,0,0.9263
154,-59.4,1001,166.83,3,3,70,0,0.9259
155,-143.8,736,122.67,0,1,53,2,0.9254
156,-143.32,720,120.0,0,2,45,1,0.9249
157,51.02,832,138.67,1,0,57,3,0.9245
158,50.01,840,140.0,2,0,62,3,0.924
159,-59.23,1001,166.83,3,2,76,1,0.9236
160,72.65,461,76.83,1,0,34,3,0.9231
161,-153.34,910,151.67,0,2,62,1,0.9226
162,-59.53,1001,166.83,3,3,74,0,0.9222
163,66.56,557,92.83,3,0,38,3,0.9217
164,71.33,479,79.83,3,0,32,3,0.9213
165,55.79,748,124.67,2,0,48,3,0.9208
166,-59.95,1001,166.83,3,3,72,0,0.9203
167,-148.37,822,137.0,0,1,55,2,0.9199
168,-59.28,1001,166.83,2,1,72,2,0.9194
169,-118.15,305,50.83,0,3,23,0,0.919
170,49.56,857,142.83,2,0,59,3,0.9185
171,-158.58,986,164.33,0,3,64,0,0.918
172,-58.89,1001,166.83,1,1,70,2,0.9176
173,-147.22,799,133.17,0,3,59,0,0.9171
174,-60.92,1001,166.83,3,3,74,0,0.9167
175,66.7,555,92.5,3,0,40,3,0.9162
176,-148.37,810,135.0,0,1,56,2,0.9157
177,-130.17,508,84.67,0,3,36,0,0.9153
178,-59.26,1001,166.83,2,1,67,2,0.9148
179,-59.73,1001,166.83,1,3,67,0,0.9144
180,-123.77,403,67.17,0,2,29,1,0.9139
181,-59.81,1001,166.83,1,1,67,2,0.9135
182,-59.61,1001,166.83,2,2,65,1,0.913
183,-58.94,1001,166.83,3,3,64,0,0.9125
184,-58.82,1001,166.83,1,2,65,1,0.9121
185,-115.6,257,42.83,0,1,20,2,0.9116
186,-59.61,1001,166.83,3,3,68,0,0.9112
187,-59.42,1001,166.83,3,3,74,0,0.9107
188,-59.52,1001,166.83,2,1,70,2,0.9103
189,-59.49,1001,166.83,1,1,66,2,0.9098
190,-59.3,1001,166.83,1,2,69,1,0.9094
191,-58.95,1001,166.83,3,3,68,0,0.9089
192,-59.95,1001,166.83,1,3,74,0,0.9084
193,-59.33,1001,166.83,2,2,69,1,0.908
194,59.49,687,114.5,1,0,43,3,0.9075
195,-134.11,582,97.0,0,2,42,1,0.9071
196,-59.66,1001,166.83,2,3,67,0,0.9066
197,-59.83,1001,166.83,3,3,70,0,0.9062
198,-59.6,1001,166.83,3,2,74,1,0.9057
199,-59.42,1001,166.83,3,3,67,0,0.9053
200,-58.87,1001,166.83,2,1,63,2,0.9048
201,-59.95,1001,166.83,2,2,67,1,0.9044
202,71.73,475,79.17,3,0,34,3,0.9039
203,-152.99,903,150.5,0,1,64,2,0.9035
204,-59.71,1001,166.83,3,1,71,2,0.903
205,-59.37,1001,166.83,2,3,70,0,0.9026
206,-59.34,1001,166.83,1,1,71,2,0.9021
207,-59.25,1001,166.83,1,3,65,0,0.9017
208,-59.87,1001,166.83,3,3,72,0,0.9012
209,-59.47,1001,166.83,3,3,73,0,0.9008
210,-59.81,1001,166.83,1,1,69,2,0.9003
211,53.12,791,131.83,2,0,56,3,0.8999
212,-59.96,1001,166.83,1,2,69,1,0.8994
213,47.31,887,147.83,3,0,62,3,0.899
214,65.44,579,96.5,3,0,41,3,0.8985
215,-59.15,1001,166.83,3,2,67,1,0.8981
216,-59.11,1001,166.83,2,1,61,2,0.8976
217,-59.36,1001,166.83,3,2,69,1,0.8972
218,-59.59,1001,166.83,3,3,67,0,0.8967
219,-58.85,1001,166.83,2,1,70,2,0.8963
220,-59.05,1001,166.83,2,3,68,0,0.8958
221,-60.02,1001,166.83,3,3,67,0,0.8954
222,43.41,947,157.83,1,0,62,3,0.8949
223,-118.71,321,53.5,0,3,20,0,0.8945
224,65.58,575,95.83,2,0,38,3,0.894
225,-135.09,590,98.33,0,2,41,1,0.8936
226,60.74,665,110.83,3,0,45,3,0.8931
227,-59.6,1001,166.83,1,1,68,2,0.8927
228,-60.01,1001,166.83,1,3,68,0,0.8922
229,-139.85,667,111.17,0,2,46,1,0.8918
230,-59.65,1001,166.83,2,2,65,1,0.8913
231,-60.29,1001,166.83,2,1,66,2,0.8909
232,-61.15,1001,166.83,2,2,68,1,0.8904
233,-59.84,1001,166.83,3,2,66,1,0.89
234,-59.6,1001,166.83,3,2,68,1,0.8896
235,-59.3,1001,166.83,3,1,71,2,0.8891
236,56.39,736,122.67,1,0,51,3,0.8887
237,-59.35,1001,166.83,2,2,67,1,0.8882
238,53.22,788,131.33,1,0,55,3,0.8878
239,-59.06,1001,166.83,3,2,68,1,0.8873
240,-59.31,1001,166.83,2,1,67,2,0.8869
241,-111.53,197,32.83,0,2,15,1,0.8865
242,44.15,920,153.33,1,0,70,3,0.886
243,71.62,474,79.0,2,0,30,3,0.8856
244,-59.58,1001,166.83,3,1,68,2,0.8851
245,76.73,387,64.5,2,0,28,3,0.8847
246,-58.9,1001,166.83,2,3,68,0,0.8842
247,-59.02,1001,166.83,3,1,68,2,0.8838
248,-59.11,1001,166.83,1,1,62,2,0.8834
249,-158.67,971,161.83,0,1,71,2,0.8829
250,-59.74,1001,166.83,2,1,73,2,0.8825
251,-58.93,1001,166.83,3,3,68,0,0.882
252,-59.37,1001,166.83,3,2,69,1,0.8816
253,-59.93,1001,166.83,2,2,74,1,0.8811
254,-59.76,1001,166.83,1,3,72,0,0.8807
255,-59.13,1001,166.83,2,2,69,1,0.8803
256,-59.41,1001,166.83,1,2,69,1,0.8798
257,43.23,954,159.0,1,0,65,3,0.8794
258,-59.4,1001,166.83,1,3,65,0,0.8789
259,-59.53,1001,166.83,1,1,70,2,0.8785
260,-133.63,563,93.83,0,2,38,1,0.8781
261,-60.24,1001,166.83,3,3,71,0,0.8776
262,-59.59,1001,166.83,3,3,64,0,0.8772
263,95.16,83,13.83,2,0,6,3,0.8768
264,-60.11,1001,166.83,1,3,66,0,0.8763
265,-60.03,1001,166.83,3,1,71,2,0.8759
266,48.7,853,142.17,2,0,57,3,0.8754
267,-131.44,527,87.83,0,1,37,2,0.875
268,-59.18,1001,166.83,2,3,69,0,0.8746
269,-59.78,1001,166.83,3,3,67,0,0.8741
270,-60.07,1001,166.83,2,2,65,1,0.8737
271,-160.41,997,166.17,0,1,70,2,0.8732
272,64.05,600,100.0,2,0,42,3,0.8728
273,-59.4,1001,166.83,3,1,68,2,0.8724
274,49.44,852,142.0,3,0,59,3,0.8719
275,-143.15,733,122.17,0,2,47,1,0.8715
276,-59.67,1001,166.83,3,3,71,0,0.8711
277,-59.55,1001,166.83,2,3,69,0,0.8706
278,-59.56,1001,166.83,1,2,67,1,0.8702
279,-59.07,1001,166.83,3,2,67,1,0.8698
280,-59.49,1001,166.83,3,3,68,0,0.8693
281,-142.75,718,119.67,0,2,52,1,0.8689
282,85.05,249,41.5,2,0,20,3,0.8685
283,-59.73,1001,166.83,2,3,66,0,0.868
284,-158.0,975,162.5,0,2,65,1,0.8676
285,-59.71,1001,166.83,1,3,66,0,0.8672
286,-59.13,1001,166.83,2,2,69,1,0.8667
287,-60.19,1001,166.83,3,3,67,0,0.8663
288,55.8,731,121.83,3,0,47,3,0.8659
289,-59.93,1001,166.83,1,1,66,2,0.8654
290,-136.08,599,99.83,0,3,38,0,0.865
291,49.58,848,141.33,2,0,59,3,0.8646
292,-59.41,1001,166.83,2,2,67,1,0.8641
293,-60.37,1001,166.83,3,3,67,0,0.8637
294,-60.07,1001,166.83,2,3,65,0,0.8633
295,47.05,887,147.83,2,0,62,3,0.8628
296,46.31,896,149.33,1,0,59,3,0.8624
297,-59.14,1001,166.83,3,3,66,0,0.862
298,-60.05,1001,166.83,2,3,68,0,0.8615
299,-60.04,1001,166.83,1,2,72,1,0.8611
300,-59.87,1001,166.83,3,3,66,0,0.8607
301,42.76,960,160.0,1,0,65,3,0.8602
302,-125.83,425,70.83,0,2,29,1,0.8598
303,-59.27,1001,166.83,3,3,75,0,0.8594
304,71.28,487,81.17,2,0,33,3,0.859
305,-58.71,1001,166.83,2,3,63,0,0.8585
306,-58.97,1001,166.83,2,3,70,0,0.8581
307,-59.31,1001,166.83,1,1,68,2,0.8577
308,-130.64,506,84.33,0,2,36,1,0.8572
309,-108.27,141,23.5,0,3,8,0,0.8568
310,-137.73,630,105.0,0,1,42,2,0.8564
311,-58.86,1001,166.83,1,2,68,1,0.856
312,-60.23,1001,166.83,3,2,67,1,0.8555
313,-59.94,1001,166.83,2,2,67,1,0.8551
314,-59.31,1001,166.83,1,3,72,0,0.8547
315,-59.38,1001,166.83,1,1,71,2,0.8542
316,-59.81,1001,166.83,3,3,65,0,0.8538
317,-59.45,1001,166.83,1,1,72,2,0.8534
318,-59.86,1001,166.83,2,1,73,2,0.853
319,-59.57,1001,166.83,3,2,64,1,0.8525
320,-59.39,1001,166.83,3,2,65,1,0.8521
321,-129.51,500,83.33,0,1,31,2,0.8517
322,-59.63,1001,166.83,3,1,64,2,0.8513
323,-59.83,1001,166.83,2,2,69,1,0.8508
324,53.1,789,131.5,1,0,58,3,0.8504
325,-59.86,1001,166.83,3,3,70,0,0.85
326,83.04,285,47.5,3,0,20,3,0.8496
327,77.36,379,63.17,3,0,26,3,0.8491
328,-59.15,1001,166.83,3,1,64,2,0.8487
329,-60.01,1001,166.83,3,3,63,0,0.8483
330,54.51,768,128.0,2,0,53,3,0.8479
331,-125.32,423,70.5,0,2,28,1,0.8474
332,70.77,479,79.83,3,0,36,3,0.847
333,-59.91,1001,166.83,3,1,69,2,0.8466
334,-59.45,1001,166.83,1,1,69,2,0.8462
335,-59.71,1001,166.83,1,1,66,2,0.8457
336,-150.6,834,139.0,0,1,58,2,0.8453
337,-59.69,1001,166.83,3,3,70,0,0.8449
338,66.93,556,92.67,3,0,37,3,0.8445
339,-59.3,1001,166.83,2,2,67,1,0.8441
340,-59.3,1001,166.83,3,3,68,0,0.8436
341,-60.45,1001,166.83,2,1,73,2,0.8432
342,-59.0,1001,166.83,3,3,66,0,0.8428
343,-60.41,1001,166.83,2,3,69,0,0.8424
344,-60.54,1001,166.83,3,3,65,0,0.8419
345,52.94,790,131.67,2,0,49,3,0.8415
346,89.46,177,29.5,2,0,12,3,0.8411
347,-59.42,1001,166.83,2,2,67,1,0.8407
348,-59.91,1001,166.83,1,2,72,1,0.8403
349,53.1,780,130.0,1,0,54,3,0.8398
350,-59.56,1001,166.83,3,1,72,2,0.8394
351,-59.87,1001,166.83,1,1,61,2,0.839
352,62.13,640,106.67,2,0,46,3,0.8386
353,83.75,277,46.17,3,0,20,3,0.8382
354,-59.77,1001,166.83,2,3,74,0,0.8377
355,-60.99,1001,166.83,2,3,71,0,0.8373
356,-59.15,1001,166.83,3,3,64,0,0.8369
357,-59.83,1001,166.83,2,3,68,0,0.8365
358,-158.77,998,166.33,0,1,65,2,0.8361
359,-59.3,1001,166.83,2,1,67,2,0.8357
360,-59.7,1001,166.83,3,2,66,1,0.8352
361,-59.01,1001,166.83,2,3,66,0,0.8348
362,-60.07,1001,166.83,3,3,67,0,0.8344
363,-119.86,333,55.5,0,2,24,1,0.834
364,-59.65,1001,166.83,3,3,65,0,0.8336
365,57.17,717,119.5,3,0,49,3,0.8331
366,-60.18,1001,166.83,2,3,72,0,0.8327
367,-60.77,1001,166.83,1,1,62,2,0.8323
368,-59.57,1001,166.83,2,2,63,1,0.8319
369,-59.72,1001,166.83,2,2,68,1,0.8315
370,-142.24,712,118.67,0,2,49,1,0.8311
371,-59.61,1001,166.83,2,3,64,0,0.8307
372,46.75,895,149.17,3,0,63,3,0.8302
373,-150.54,851,141.83,0,2,58,1,0.8298
374,-59.18,1001,166.83,2,3,67,0,0.8294
375,-59.62,1001,166.83,1,2,70,1,0.829
376,55.22,742,123.67,2,0,52,3,0.8286
377,-58.88,1001,166.83,1,3,69,0,0.8282
378,-59.4,1001,166.83,2,3,66,0,0.8277
379,-59.37,1001,166.83,3,2,63,1,0.8273
380,-58.82,1001,166.83,1,2,61,1,0.8269
381,-60.16,1001,166.83,2,1,66,2,0.8265
382,-60.17,1001,166.83,2,3,67,0,0.8261
383,-59.42,1001,166.83,1,2,59,1,0.8257
384,-59.0,1001,166.83,3,1,64,2,0.8253
385,54.28,764,127.33,3,0,47,3,0.8249
386,-59.75,1001,166.83,2,2,67,1,0.8244
387,-59.58,1001,166.83,2,2,63,1,0.824
388,-59.61,1001,166.83,2,2,63,1,0.8236
389,-59.91,1001,166.83,1,3,62,0,0.8232
390,-60.22,1001,166.83,1,3,64,0,0.8228
391,-113.41,224,37.33,0,1,16,2,0.8224
392,-59.67,1001,166.83,3,3,71,0,0.822
393,-59.77,1001,166.83,3,3,71,0,0.8216
394,-59.24,1001,166.83,2,2,68,1,0.8212
395,-137.04,622,103.67,0,2,41,1,0.8207
396,-59.91,1001,166.83,2,3,61,0,0.8203
397,-59.15,1001,166.83,1,1,67,2,0.8199
398,77.18,389,64.83,1,0,27,3,0.8195
399,-59.62,1001,166.83,2,2,72,1,0.8191
400,-158.35,988,164.67,0,2,65,1,0.8187
401,-138.07,642,107.0,0,3,43,0,0.8183
402,79.24,348,58.0,3,0,27,3,0.8179
403,-59.65,1001,166.83,3,3,69,0,0.8175
404,-59.83,1001,166.83,2,2,71,1,0.8171
405,80.8,317,52.83,3,0,21,3,0.8166
406,-59.6,1001,166.83,2,1,66,2,0.8162
407,-141.6,683,113.83,0,3,51,0,0.8158
408,-59.4,1001,166.83,1,2,65,1,0.8154
409,39.92,998,166.33,3,0,70,3,0.815
410,-60.21,1001,166.83,1,1,68,2,0.8146
411,-59.67,1001,166.83,3,3,67,0,0.8142
412,-59.17,1001,166.83,2,1,70,2,0.8138
413,57.21,717,119.5,1,0,49,3,0.8134
414,-59.67,1001,166.83,3,3,61,0,0.813
415,-59.24,1001,166.83,1,2,61,1,0.8126
416,-59.37,1001,166.83,2,1,65,2,0.8122
417,41.91,976,162.67,2,0,64,3,0.8118
418,-59.75,1001,166.83,2,3,71,0,0.8114
419,-60.44,1001,166.83,2,1,68,2,0.8109
420,-59.54,1001,166.83,3,1,65,2,0.8105
421,47.12,894,149.0,3,0,58,3,0.8101
422,-59.89,1001,166.83,3,2,64,1,0.8097
423,-59.4,1001,166.83,1,2,63,1,0.8093
424,-59.73,1001,166.83,3,2,60,1,0.8089
425,-60.22,1001,166.83,2,1,68,2,0.8085
426,61.84,631,105.17,2,0,47,3,0.8081
427,-59.82,1001,166.83,3,3,65,0,0.8077
428,-138.49,637,106.17,0,1,40,2,0.8073
429,-59.07,1001,166.83,2,2,67,1,0.8069
430,-59.74,1001,166.83,1,3,66,0,0.8065
431,-58.9,1001,166.83,1,1,59,2,0.8061
432,-60.31,1001,166.83,3,2,69,1,0.8057
433,-59.77,1001,166.83,3,3,66,0,0.8053
434,-59.21,1001,166.83,1,1,64,2,0.8049
435,43.62,951,158.5,2,0,65,3,0.8045
436,73.09,454,75.67,3,0,31,3,0.8041
437,-59.59,1001,166.83,1,3,73,0,0.8037
438,-146.58,788,131.33,0,1,52,2,0.8033
439,-157.84,980,163.33,0,2,68,1,0.8029
440,-143.13,722,120.33,0,3,44,0,0.8025
441,-135.34,586,97.67,0,2,39,1,0.8021
442,-137.16,624,104.0,0,2,42,1,0.8017
443,47.69,875,145.83,2,0,62,3,0.8013
444,-130.63,509,84.83,0,3,30,0,0.8009
445,85.91,235,39.17,3,0,16,3,0.8005
446,71.08,489,81.5,1,0,31,3,0.8001
447,-59.89,1001,166.83,3,3,63,0,0.7997
448,-59.43,1001,166.83,2,3,69,0,0.7993
449,45.23,927,154.5,3,0,61,3,0.7989
450,-160.13,1000,166.67,0,2,68,1,0.7985
451,-59.41,1001,166.83,2,1,70,2,0.7981
452,-59.88,1001,166.83,3,3,63,0,0.7977
453,-129.32,482,80.33,0,2,35,1,0.7973
454,-59.49,1001,166.83,3,3,62,0,0.7969
455,-156.37,958,159.67,0,2,54,1,0.7965
456,-158.34,981,163.5,0,1,59,2,0.7961
457,-59.78,1001,166.83,2,3,71,0,0.7957
458,-59.42,1001,166.83,2,1,68,2,0.7953
459,-59.89,1001,166.83,2,1,65,2,0.7949
460,-59.61,1001,166.83,2,3,67,0,0.7945
461,-59.87,1001,166.83,3,1,66,2,0.7941
462,-59.95,1001,166.83,2,2,72,1,0.7937
463,-59.83,1001,166.83,1,1,70,2,0.7933
464,-129.38,487,81.17,0,1,33,2,0.7929
465,-156.3,940,156.67,0,1,58,2,0.7925
466,-60.06,1001,166.83,3,2,67,1,0.7921
467,-152.15,873,145.5,0,3,59,0,0.7917
468,-60.1,1001,166.83,3,3,69,0,0.7913
469,50.94,824,137.33,1,0,54,3,0.7909
470,-60.26,1001,166.83,2,2,66,1,0.7905
471,-59.3,1001,166.83,2,1,67,2,0.7901
472,-59.18,1001,166.83,1,2,63,1,0.7897
473,-142.78,712,118.67,0,2,45,1,0.7893
474,-60.22,1001,166.83,2,2,70,1,0.7889
475,-59.47,1001,166.83,3,3,60,0,0.7886
476,41.61,977,162.83,3,0,61,3,0.7882
477,-59.63,1001,166.83,1,3,70,0,0.7878
478,-59.47,1001,166.83,2,1,66,2,0.7874
479,-59.39,1001,166.83,3,3,67,0,0.787
480,-59.93,1001,166.83,3,2,67,1,0.7866
481,-115.18,251,41.83,0,3,15,0,0.7862
482,-119.37,322,53.67,0,1,21,2,0.7858
483,-59.08,1001,166.83,1,1,67,2,0.7854
484,-125.7,438,73.0,0,1,27,2,0.785
485,-59.32,1001,166.83,1,3,67,0,0.7846
486,-59.88,1001,166.83,2,2,64,1,0.7842
487,-61.27,1001,166.83,2,3,66,0,0.7838
488,-141.79,696,116.0,0,2,43,1,0.7834
489,-60.08,1001,166.83,3,1,62,2,0.783
490,-59.65,1001,166.83,3,3,67,0,0.7827
491,-59.4,1001,166.83,3,3,64,0,0.7823
492,61.93,632,105.33,1,0,41,3,0.7819
493,-59.28,1001,166.83,2,1,61,2,0.7815
494,-59.33,1001,166.83,3,3,62,0,0.7811
495,-60.3,1001,166.83,3,3,70,0,0.7807
496,62.24,636,106.0,2,0,42,3,0.7803
497,-59.52,1001,166.83,3,3,61,0,0.7799
498,-59.4,1001,166.83,2,3,60,0,0.7795
499,49.38,850,141.67,1,0,59,3,0.7791
500,-59.41,1001,166.83,2,1,60,2,0.7788
501,51.26,817,136.17,1,0,50,3,0.7784
502,-60.0,1001,166.83,2,2,69,1,0.778
503,-59.85,1001,166.83,3,3,66,0,0.7776
504,45.64,904,150.67,1,0,61,3,0.7772
505,77.37,381,63.5,3,0,23,3,0.7768
506,56.37,737,122.83,1,0,51,3,0.7764
507,-59.54,1001,166.83,3,3,63,0,0.776
508,-60.71,1001,166.83,2,2,68,1,0.7756
509,-60.02,1001,166.83,2,3,65,0,0.7753
510,-59.35,1001,166.83,2,1,59,2,0.7749
511,-59.5,1001,166.83,3,1,66,2,0.7745
512,73.85,440,73.33,1,0,30,3,0.7741
513,-59.76,1001,166.83,3,1,67,2,0.7737
514,-59.79,1001,166.83,1,1,58,2,0.7733
515,-59.66,1001,166.83,1,3,68,0,0.7729
516,-59.97,1001,166.83,2,3,65,0,0.7725
517,-58.98,1001,166.83,2,3,62,0,0.7722
518,-59.98,1001,166.83,1,3,66,0,0.7718
519,-59.78,1001,166.83,3,1,66,2,0.7714
520,-59.55,1001,166.83,2,2,66,1,0.771
521,-60.16,1001,166.83,2,2,65,1,0.7706
522,-59.69,1001,166.83,2,2,65,1,0.7702
523,-59.78,1001,166.83,3,3,72,0,0.7698
524,58.47,701,116.83,2,0,42,3,0.7695
525,-59.95,1001,166.83,3,1,72,2,0.7691
526,-142.19,699,116.5,0,3,47,0,0.7687
527,-136.47,602,100.33,0,1,43,2,0.7683
528,-59.92,1001,166.83,3,1,64,2,0.7679
529,80.07,328,54.67,3,0,23,3,0.7675
530,-59.5,1001,166.83,3,2,59,1,0.7672
531,-147.09,791,131.83,0,2,53,1,0.7668
532,40.21,993,165.5,3,0,62,3,0.7664
533,-59.83,1001,166.83,2,2,71,1,0.766
534,-59.4,1001,166.83,3,1,62,2,0.7656
535,43.5,931,155.17,1,0,63,3,0.7652
536,-59.43,1001,166.83,3,2,62,1,0.7649
537,-59.5,1001,166.83,1,2,63,1,0.7645
538,89.42,175,29.17,2,0,13,3,0.7641
539,-59.32,1001,166.83,3,2,63,1,0.7637
540,-59.2,1001,166.83,2,3,66,0,0.7633
541,-119.51,318,53.0,0,1,22,2,0.7629
542,-156.15,948,158.0,0,3,60,0,0.7626
543,-124.49,405,67.5,0,2,28,1,0.7622
544,-59.92,1001,166.83,3,3,60,0,0.7618
545,-59.34,1001,166.83,2,2,62,1,0.7614
546,-140.14,667,111.17,0,3,47,0,0.761
547,-60.07,1001,166.83,2,3,58,0,0.7607
548,-59.88,1001,166.83,2,2,63,1,0.7603
549,-60.39,1001,166.83,1,2,59,1,0.7599
550,-59.72,1001,166.83,3,3,64,0,0.7595
551,90.45,156,26.0,2,0,13,3,0.7591
552,-59.47,1001,166.83,2,2,65,1,0.7588
553,-59.79,1001,166.83,1,1,65,2,0.7584
554,-60.09,1001,166.83,3,3,67,0,0.758
555,90.15,164,27.33,3,0,11,3,0.7576
556,-60.37,1001,166.83,1,1,68,2,0.7572
557,71.07,484,80.67,3,0,34,3,0.7569
558,-59.85,1001,166.83,3,1,64,2,0.7565
559,52.5,795,132.5,2,0,53,3,0.7561
560,-59.48,1001,166.83,3,1,58,2,0.7557
561,-124.78,417,69.5,0,3,22,0,0.7554
562,-139.62,658,109.67,0,2,44,1,0.755
563,-149.19,828,138.0,0,3,57,0,0.7546
564,-142.48,709,118.17,0,3,47,0,0.7542
565,-146.08,771,128.5,0,3,49,0,0.7538
566,-59.61,1001,166.83,3,2,59,1,0.7535
567,44.11,939,156.5,3,0,64,3,0.7531
568,-59.7,1001,166.83,3,2,67,1,0.7527
569,-59.75,1001,166.83,1,1,65,2,0.7523
570,-60.34,1001,166.83,3,1,64,2,0.752
571,-58.77,1001,166.83,1,1,59,2,0.7516
572,-59.62,1001,166.83,3,3,62,0,0.7512
573,-60.44,1001,166.83,1,2,68,1,0.7508
574,41.72,973,162.17,1,0,65,3,0.7505
575,-59.91,1001,166.83,2,1,64,2,0.7501
576,-132.96,547,91.17,0,2,38,1,0.7497
577,-59.43,1001,166.83,2,2,63,1,0.7493
578,-58.84,1001,166.83,2,2,64,1,0.749
579,-59.53,1001,166.83,3,2,68,1,0.7486
580,75.42,417,69.5,3,0,25,3,0.7482
581,54.89,750,125.0,2,0,46,3,0.7478
582,-59.51,1001,166.83,2,1,59,2,0.7475
583,-59.57,1001,166.83,3,2,63,1,0.7471
584,-136.86,613,102.17,0,3,41,0,0.7467
585,-60.63,1001,166.83,1,2,71,1,0.7463
586,-59.94,1001,166.83,1,1,62,2,0.746
587,-59.86,1001,166.83,3,3,65,0,0.7456
588,-60.32,1001,166.83,3,3,62,0,0.7452
589,-60.01,1001,166.83,2,3,69,0,0.7448
590,-60.05,1001,166.83,3,3,66,0,0.7445
591,-135.82,604,100.67,0,3,39,0,0.7441
592,-60.74,1001,166.83,3,3,69,0,0.7437
593,-153.02,882,147.0,0,2,58,1,0.7434
594,-59.99,1001,166.83,2,1,65,2,0.743
595,-60.13,1001,166.83,3,2,69,1,0.7426
596,-59.95,1001,166.83,2,2,64,1,0.7422
597,-59.57,1001,166.83,1,2,61,1,0.7419
598,-59.32,1001,166.83,1,2,63,1,0.7415
599,-58.78,1001,166.83,1,2,62,1,0.7411
600,-60.03,1001,166.83,3,3,65,0,0.7408
601,-59.86,1001,166.83,3,2,65,1,0.7404
602,-59.67,1001,166.83,3,3,68,0,0.74
603,-60.61,1001,166.83,2,3,63,0,0.7397
604,45.55,907,151.17,1,0,52,3,0.7393
605,-60.08,1001,166.83,2,2,61,1,0.7389
606,60.06,674,112.33,3,0,40,3,0.7385
607,81.11,316,52.67,3,0,23,3,0.7382
608,-142.78,720,120.0,0,2,46,1,0.7378
609,-60.66,1001,166.83,2,1,69,2,0.7374
610,-60.05,1001,166.83,3,2,60,1,0.7371
611,-59.69,1001,166.83,2,3,61,0,0.7367
612,-60.13,1001,166.83,3,3,60,0,0.7363
613,-60.24,1001,166.83,3,3,63,0,0.736
614,-59.72,1001,166.83,1,2,63,1,0.7356
615,-60.16,1001,166.83,3,3,61,0,0.7352
616,44.04,940,156.67,1,0,59,3,0.7349
617,-60.58,1001,166.83,2,2,65,1,0.7345
618,-136.28,601,100.17,0,2,35,1,0.7341
619,-60.47,1001,166.83,1,2,59,1,0.7338
620,-59.54,1001,166.83,2,1,60,2,0.7334
621,71.95,469,78.17,3,0,32,3,0.733
622,-157.68,967,161.17,0,2,59,1,0.7327
623,-150.02,847,141.17,0,2,55,1,0.7323
624,-60.13,1001,166.83,1,3,68,0,0.7319
625,-59.73,1001,166.83,2,1,64,2,0.7316
626,-59.96,1001,166.83,3,2,68,1,0.7312
627,-59.95,1001,166.83,1,2,61,1,0.7308
628,77.91,370,61.67,1,0,25,3,0.7305
629,-59.94,1001,166.83,2,2,67,1,0.7301
630,-59.33,1001,166.83,3,3,62,0,0.7297
631,-59.63,1001,166.83,2,3,62,0,0.7294
632,-107.42,122,20.33,0,1,7,2,0.729
633,-60.38,1001,166.83,3,3,65,0,0.7286
634,-59.53,1001,166.83,2,2,63,1,0.7283
635,-60.54,1001,166.83,3,3,68,0,0.7279
636,-59.65,1001,166.83,1,2,60,1,0.7275
637,-59.91,1001,166.83,2,2,65,1,0.7272
638,-60.52,1001,166.83,3,3,68,0,0.7268
639,-60.26,1001,166.83,2,3,68,0,0.7265
640,-123.17,388,64.67,0,3,20,0,0.7261
641,-59.73,1001,166.83,3,3,62,0,0.7257
642,-59.9,1001,166.83,2,3,62,0,0.7254
643,56.0,739,123.17,2,0,48,3,0.725
644,-60.03,1001,166.83,3,2,67,1,0.7246
645,73.69,441,73.5,2,0,28,3,0.7243
646,-59.81,1001,166.83,1,2,68,1,0.7239
647,-60.01,1001,166.83,2,3,63,0,0.7236
648,42.81,943,157.17,2,0,65,3,0.7232
649,-59.88,1001,166.83,2,2,61,1,0.7228
650,-60.76,1001,166.83,1,3,66,0,0.7225
651,63.41,614,102.33,2,0,40,3,0.7221
652,-59.89,1001,166.83,2,2,64,1,0.7217
653,-148.74,802,133.67,0,3,53,0,0.7214
654,-60.17,1001,166.83,3,2,63,1,0.721
655,-60.04,1001,166.83,3,2,65,1,0.7207
656,-59.37,1001,166.83,3,3,64,0,0.7203
657,-59.4,1001,166.83,3,2,63,1,0.7199
658,-59.87,1001,166.83,1,3,63,0,0.7196
659,-154.66,917,152.83,0,1,60,2,0.7192
660,-60.17,1001,166.83,2,2,61,1,0.7189
661,-59.03,1001,166.83,1,1,57,2,0.7185
662,-60.09,1001,166.83,3,1,62,2,0.7181
663,-60.19,1001,166.83,3,3,62,0,0.7178
664,-60.36,1001,166.83,3,3,58,0,0.7174
665,-59.66,1001,166.83,2,2,58,1,0.7171
666,-60.74,1001,166.83,3,2,66,1,0.7167
667,-59.91,1001,166.83,1,1,64,2,0.7164
668,-60.09,1001,166.83,2,3,64,0,0.716
669,-123.93,390,65.0,0,2,27,1,0.7156
670,-60.25,1001,166.83,3,1,63,2,0.7153
671,88.99,183,30.5,2,0,12,3,0.7149
672,-59.29,1001,166.83,2,1,59,2,0.7146
673,-160.08,990,165.0,0,3,69,0,0.7142
674,-59.82,1001,166.83,3,3,65,0,0.7138
675,-111.57,191,31.83,0,2,12,1,0.7135
676,-153.32,902,150.33,0,3,56,0,0.7131
677,-105.35,90,15.0,0,2,5,1,0.7128
678,81.0,319,53.17,2,0,20,3,0.7124
679,-59.85,1001,166.83,1,2,63,1,0.7121
680,-59.41,1001,166.83,3,2,60,1,0.7117
681,73.05,447,74.5,3,0,30,3,0.7114
682,-60.47,1001,166.83,3,2,59,1,0.711
683,-158.11,973,162.17,0,2,64,1,0.7106
684,-145.8,765,127.5,0,1,48,2,0.7103
685,50.78,813,135.5,1,0,54,3,0.7099
686,-60.32,1001,166.83,3,3,64,0,0.7096
687,-60.32,1001,166.83,2,3,60,0,0.7092
688,-60.97,1001,166.83,2,3,64,0,0.7089
689,72.85,455,75.83,3,0,30,3,0.7085
690,-131.03,524,87.33,0,2,31,1,0.7082
691,-141.34,701,116.83,0,2,41,1,0.7078
692,62.7,619,103.17,3,0,40,3,0.7075
693,-59.37,1001,166.83,3,2,58,1,0.7071
694,62.31,619,103.17,3,0,39,3,0.7067
695,-134.56,569,94.83,0,3,36,0,0.7064
696,-60.54,1001,166.83,3,2,67,1,0.706
697,61.65,635,105.83,2,0,37,3,0.7057
698,-118.97,322,53.67,0,3,22,0,0.7053
699,-60.2,1001,166.83,3,3,64,0,0.705
700,-59.36,1001,166.83,2,1,60,2,0.7046
701,-60.43,1001,166.83,2,1,62,2,0.7043
702,-59.87,1001,166.83,2,2,58,1,0.7039
703,-135.23,585,97.5,0,1,36,2,0.7036
704,-59.56,1001,166.83,2,2,63,1,0.7032
705,-60.43,1001,166.83,3,3,60,0,0.7029
706,52.94,794,132.33,2,0,47,3,0.7025
707,-59.48,1001,166.83,3,2,64,1,0.7022
708,-143.54,740,123.33,0,2,44,1,0.7018
709,-60.61,1001,166.83,2,1,66,2,0.7015
710,40.72,984,164.0,3,0,71,3,0.7011
711,-59.58,1001,166.83,1,3,59,0,0.7008
712,-143.61,723,120.5,0,1,42,2,0.7004
713,42.6,962,160.33,1,0,59,3,0.7001
714,-147.43,798,133.0,0,2,51,1,0.6997
715,-60.45,1001,166.83,3,3,63,0,0.6994
716,67.59,538,89.67,2,0,36,3,0.699
717,-59.98,1001,166.83,2,3,62,0,0.6987
718,-122.49,367,61.17,0,1,26,2,0.6983
719,-59.64,1001,166.83,2,3,66,0,0.698
720,-138.78,652,108.67,0,1,41,2,0.6976
721,-150.48,833,138.83,0,1,48,2,0.6973
722,-60.17,1001,166.83,2,3,64,0,0.6969
723,83.86,269,44.83,2,0,18,3,0.6966
724,-60.21,1001,166.83,3,2,59,1,0.6962
725,-121.82,371,61.83,0,2,21,1,0.6959
726,45.42,908,151.33,1,0,54,3,0.6955
727,-60.47,1001,166.83,3,2,66,1,0.6952
728,-60.55,1001,166.83,3,1,64,2,0.6948
729,-60.39,1001,166.83,1,1,57,2,0.6945
730,-129.15,485,80.83,0,1,30,2,0.6941
731,-59.49,1001,166.83,2,1,62,2,0.6938
732,-126.9,452,75.33,0,3,28,0,0.6934
733,-146.87,783,130.5,0,2,45,1,0.6931
734,-59.88,1001,166.83,2,3,58,0,0.6927
735,47.34,884,147.33,1,0,54,3,0.6924
736,-127.97,464,77.33,0,3,26,0,0.6921
737,-157.11,955,159.17,0,1,62,2,0.6917
738,-114.53,241,40.17,0,2,16,1,0.6914
739,-59.69,1001,166.83,3,3,64,0,0.691
740,-60.07,1001,166.83,1,2,56,1,0.6907
741,-59.68,1001,166.83,2,3,53,0,0.6903
742,-153.48,895,149.17,0,2,59,1,0.69
743,-59.71,1001,166.83,3,1,64,2,0.6896
744,-59.46,1001,166.83,2,3,63,0,0.6893
745,-60.07,1001,166.83,3,2,61,1,0.6889
746,-60.33,1001,166.83,1,1,63,2,0.6886
747,-59.94,1001,166.83,1,3,60,0,0.6883
748,-59.69,1001,166.83,2,3,63,0,0.6879
749,-141.94,700,116.67,0,1,42,2,0.6876
750,-154.29,912,152.0,0,2,55,1,0.6872
751,-60.4,1001,166.83,1,3,63,0,0.6869
752,-59.98,1001,166.83,3,3,61,0,0.6865
753,-60.05,1001,166.83,2,3,64,0,0.6862
754,-59.82,1001,166.83,1,3,57,0,0.6859
755,-59.42,1001,166.83,3,3,58,0,0.6855
756,-59.3,1001,166.83,2,1,53,2,0.6852
757,-59.87,1001,166.83,3,2,63,1,0.6848
758,-60.87,1001,166.83,1,3,60,0,0.6845
759,-59.88,1001,166.83,3,3,56,0,0.6841
760,-60.79,1001,166.83,3,3,66,0,0.6838
761,-126.94,453,75.5,0,1,29,2,0.6835
762,63.34,607,101.17,2,0,37,3,0.6831
763,-138.14,639,106.5,0,3,37,0,0.6828
764,-60.55,1001,166.83,1,1,59,2,0.6824
765,-59.56,1001,166.83,2,3,58,0,0.6821
766,-60.74,1001,166.83,2,1,64,2,0.6817
767,74.77,414,69.0,1,0,25,3,0.6814
768,-60.27,1001,166.83,3,3,64,0,0.6811
769,-59.99,1001,166.83,2,3,59,0,0.6807
770,-60.15,1001,166.83,3,3,60,0,0.6804
771,-60.06,1001,166.83,2,1,67,2,0.68
772,74.33,426,71.0,3,0,29,3,0.6797
773,-60.23,1001,166.83,3,3,63,0,0.6794
774,83.3,278,46.33,3,0,17,3,0.679
775,-60.57,1001,166.83,3,1,63,2,0.6787
776,-60.29,1001,166.83,2,3,63,0,0.6783
777,-60.87,1001,166.83,1,1,62,2,0.678
778,-60.52,1001,166.83,1,3,63,0,0.6777
779,73.47,433,72.17,1,0,29,3,0.6773
780,-59.87,1001,166.83,1,2,62,1,0.677
781,-60.39,1001,166.83,1,2,59,1,0.6767
782,-134.83,584,97.33,0,3,38,0,0.6763
783,-59.79,1001,166.83,3,2,62,1,0.676
784,70.37,491,81.83,2,0,33,3,0.6756
785,-60.38,1001,166.83,1,3,65,0,0.6753
786,-59.69,1001,166.83,1,1,65,2,0.675
787,58.61,697,116.17,2,0,46,3,0.6746
788,45.71,900,150.0,1,0,54,3,0.6743
789,-60.12,1001,166.83,2,2,59,1,0.674
790,-59.98,1001,166.83,3,3,58,0,0.6736
791,-59.72,1001,166.83,3,3,58,0,0.6733
792,55.63,738,123.0,2,0,43,3,0.6729
793,-139.35,660,110.0,0,2,42,1,0.6726
794,-144.15,721,120.17,0,1,43,2,0.6723
795,51.0,814,135.67,3,0,47,3,0.6719
796,-117.79,293,48.83,0,3,20,0,0.6716
797,-147.43,796,132.67,0,1,47,2,0.6713
798,-60.22,1001,166.83,2,1,63,2,0.6709
799,51.76,804,134.0,1,0,49,3,0.6706
800,-59.95,1001,166.83,2,2,56,1,0.6703
801,-60.36,1001,166.83,3,3,64,0,0.6699
802,74.14,428,71.33,3,0,26,3,0.6696
803,-126.71,441,73.5,0,3,24,0,0.6692
804,86.1,229,38.17,2,0,14,3,0.6689
805,-59.66,1001,166.83,1,3,62,0,0.6686
806,-141.83,691,115.17,0,2,46,1,0.6682
807,-59.46,1001,166.83,3,2,63,1,0.6679
808,-60.13,1001,166.83,3,2,60,1,0.6676
809,-139.61,659,109.83,0,3,38,0,0.6672
810,-60.17,1001,166.83,2,1,60,2,0.6669
811,-60.48,1001,166.83,2,2,61,1,0.6666
812,-60.8,1001,166.83,3,3,58,0,0.6662
813,51.92,793,132.17,2,0,51,3,0.6659
814,81.81,299,49.83,1,0,19,3,0.6656
815,-60.31,1001,166.83,2,2,60,1,0.6652
816,-60.72,1001,166.83,3,3,60,0,0.6649
817,-60.23,1001,166.83,1,3,59,0,0.6646
818,70.41,488,81.33,3,0,31,3,0.6642
819,-139.93,668,111.33,0,3,48,0,0.6639
820,-60.44,1001,166.83,1,2,60,1,0.6636
821,-140.23,665,110.83,0,2,42,1,0.6633
822,-60.32,1001,166.83,3,3,62,0,0.6629
823,-59.44,1001,166.83,3,2,53,1,0.6626
824,-60.21,1001,166.83,2,3,61,0,0.6623
825,-60.36,1001,166.83,3,2,60,1,0.6619
826,49.66,837,139.5,2,0,55,3,0.6616
827,-60.15,1001,166.83,1,1,61,2,0.6613
828,76.86,388,64.67,2,0,19,3,0.6609
829,-59.84,1001,166.83,3,3,62,0,0.6606
830,-116.75,282,47.0,0,3,16,0,0.6603
831,-149.23,816,136.0,0,2,51,1,0.6599
832,-60.2,1001,166.83,2,2,56,1,0.6596
833,-60.76,1001,166.83,3,3,62,0,0.6593
834,63.02,609,101.5,1,0,36,3,0.659
835,-60.95,1001,166.83,3,2,66,1,0.6586
836,-60.26,1001,166.83,3,3,61,0,0.6583
837,64.36,595,99.17,3,0,34,3,0.658
838,-60.61,1001,166.83,1,1,61,2,0.6576
839,-60.76,1001,166.83,1,1,67,2,0.6573
840,-133.4,540,90.0,0,1,33,2,0.657
841,-60.54,1001,166.83,1,1,62,2,0.6566
842,-60.55,1001,166.83,2,2,62,1,0.6563
843,-60.38,1001,166.83,1,2,60,1,0.656
844,-60.13,1001,166.83,1,2,58,1,0.6557
845,-60.67,1001,166.83,2,3,61,0,0.6553
846,-59.76,1001,166.83,1,3,60,0,0.655
847,-146.17,772,128.67,0,1,48,2,0.6547
848,-59.98,1001,166.83,1,2,64,1,0.6544
849,-59.69,1001,166.83,3,3,62,0,0.654
850,-59.53,1001,166.83,3,2,57,1,0.6537
851,-60.97,1001,166.83,2,3,60,0,0.6534
852,-59.81,1001,166.83,3,3,61,0,0.653
853,68.45,518,86.33,3,0,32,3,0.6527
854,-60.88,1001,166.83,3,3,61,0,0.6524
855,-60.19,1001,166.83,2,3,59,0,0.6521
856,74.96,413,68.83,3,0,23,3,0.6517
857,-59.41,1001,166.83,3,3,55,0,0.6514
858,-59.71,1001,166.83,1,1,59,2,0.6511
859,-145.89,758,126.33,0,3,47,0,0.6508
860,-60.51,1001,166.83,1,2,62,1,0.6504
861,77.52,375,62.5,3,0,23,3,0.6501
862,-60.53,1001,166.83,3,2,59,1,0.6498
863,-146.96,776,129.33,0,1,46,2,0.6495
864,-60.88,1001,166.83,3,1,62,2,0.6491
865,-60.17,1001,166.83,3,2,61,1,0.6488
866,-59.6,1001,166.83,2,2,62,1,0.6485
867,-148.2,808,134.67,0,3,43,0,0.6482
868,-59.96,1001,166.83,2,3,59,0,0.6478
869,-159.26,982,163.67,0,2,63,1,0.6475
870,-59.88,1001,166.83,1,2,60,1,0.6472
871,-60.32,1001,166.83,2,1,64,2,0.6469
872,62.51,619,103.17,2,0,37,3,0.6465
873,-60.09,1001,166.83,3,2,56,1,0.6462
874,-59.54,1001,166.83,3,3,56,0,0.6459
875,-60.45,1001,166.83,2,3,59,0,0.6456
876,69.0,519,86.5,2,0,34,3,0.6453
877,-27.82,464,77.33,0,0,27,3,0.6449
878,-60.36,1001,166.83,2,3,62,0,0.6446
879,-60.86,1001,166.83,2,3,65,0,0.6443
880,78.39,357,59.5,2,0,20,3,0.644
881,-125.3,414,69.0,0,1,27,2,0.6436
882,-59.46,1001,166.83,2,2,56,1,0.6433
883,68.77,519,86.5,2,0,32,3,0.643
884,-60.15,1001,166.83,1,3,61,0,0.6427
885,-59.74,1001,166.83,2,3,56,0,0.6424
886,-59.32,1001,166.83,2,3,52,0,0.642
887,-145.99,770,128.33,0,3,47,0,0.6417
888,-59.45,1001,166.83,1,1,57,2,0.6414
889,46.08,907,151.17,2,0,51,3,0.6411
890,-60.36,1001,166.83,3,3,61,0,0.6408
891,-60.13,1001,166.83,3,3,59,0,0.6404
892,-59.31,1001,166.83,2,3,54,0,0.6401
893,-59.92,1001,166.83,2,3,56,0,0.6398
894,-60.46,1001,166.83,3,3,58,0,0.6395
895,45.26,915,152.5,1,0,47,3,0.6392
896,-138.29,639,106.5,0,1,38,2,0.6388
897,-60.25,1001,166.83,3,3,60,0,0.6385
898,43.36,946,157.67,2,0,56,3,0.6382
899,80.84,319,53.17,2,0,20,3,0.6379
900,-59.82,1001,166.83,2,3,61,0,0.6376
901,-60.14,1001,166.83,3,2,58,1,0.6372
902,-157.08,945,157.5,0,2,53,1,0.6369
903,-59.9,1001,166.83,3,3,64,0,0.6366
904,-60.49,1001,166.83,3,3,54,0,0.6363
905,-59.7,1001,166.83,2,1,57,2,0.636
906,-59.73,1001,166.83,2,2,51,1,0.6356
907,-60.76,1001,166.83,1,1,61,2,0.6353
908,-60.73,1001,166.83,2,2,62,1,0.635
909,-60.73,1001,166.83,3,3,60,0,0.6347
910,-60.14,1001,166.83,2,1,58,2,0.6344
911,-60.02,1001,166.83,3,2,52,1,0.6341
912,-59.96,1001,166.83,3,2,64,1,0.6337
913,-60.22,1001,166.83,3,2,61,1,0.6334
914,-60.22,1001,166.83,3,3,65,0,0.6331
915,-60.31,1001,166.83,3,3,59,0,0.6328
916,-59.91,1001,166.83,1,2,62,1,0.6325
917,-60.34,1001,166.83,2,3,59,0,0.6322
918,-122.13,370,61.67,0,3,21,0,0.6318
919,59.1,679,113.17,2,0,40,3,0.6315
920,-60.95,1001,166.83,3,3,64,0,0.6312
921,45.09,913,152.17,1,0,57,3,0.6309
922,-59.4,1001,166.83,3,2,57,1,0.6306
923,-59.97,1001,166.83,1,2,59,1,0.6303
924,77.09,385,64.17,2,0,22,3,0.6299
925,-59.97,1001,166.83,3,3,62,0,0.6296
926,-59.68,1001,166.83,3,1,55,2,0.6293
927,-59.79,1001,166.83,2,3,61,0,0.629
928,-59.53,1001,166.83,3,2,64,1,0.6287
929,-59.96,1001,166.83,1,3,63,0,0.6284
930,-60.16,1001,166.83,2,1,57,2,0.6281
931,-60.15,1001,166.83,3,2,61,1,0.6277
932,-60.21,1001,166.83,2,2,59,1,0.6274
933,-121.78,373,62.17,0,3,20,0,0.6271
934,-60.23,1001,166.83,3,3,55,0,0.6268
935,41.82,968,161.33,2,0,57,3,0.6265
936,-59.82,1001,166.83,1,2,58,1,0.6262
937,-60.4,1001,166.83,2,1,57,2,0.6259
938,-60.63,1001,166.83,2,2,60,1,0.6256
939,78.93,351,58.5,3,0,20,3,0.6252
940,-60.38,1001,166.83,2,3,60,0,0.6249
941,-60.94,1001,166.83,3,3,62,0,0.6246
942,-59.32,1001,166.83,3,2,59,1,0.6243
943,47.52,881,146.83,1,0,48,3,0.624
944,-61.04,1001,166.83,3,3,65,0,0.6237
945,-60.09,1001,166.83,1,2,64,1,0.6234
946,48.07,864,144.0,2,0,46,3,0.6231
947,82.8,285,47.5,3,0,19,3,0.6227
948,-59.97,1001,166.83,3,3,65,0,0.6224
949,-60.19,1001,166.83,3,2,60,1,0.6221
950,-60.95,1001,166.83,3,3,56,0,0.6218
951,43.5,932,155.33,2,0,59,3,0.6215
952,-140.14,656,109.33,0,1,42,2,0.6212
953,-60.83,1001,166.83,2,2,64,1,0.6209
954,-60.04,1001,166.83,3,3,58,0,0.6206
955,-59.8,1001,166.83,1,2,61,1,0.6203
956,-59.46,1001,166.83,3,3,57,0,0.6199
957,-60.57,1001,166.83,3,3,62,0,0.6196
958,-60.0,1001,166.83,2,2,58,1,0.6193
959,-59.39,1001,166.83,3,3,60,0,0.619
960,-60.31,1001,166.83,3,3,64,0,0.6187
961,-60.27,1001,166.83,3,1,58,2,0.6184
962,-60.98,1001,166.83,2,2,58,1,0.6181
963,-59.8,1001,166.83,1,2,60,1,0.6178
964,-114.69,246,41.0,0,1,13,2,0.6175
965,-60.13,1001,166.83,3,1,57,2,0.6172
966,-60.69,1001,166.83,3,3,60,0,0.6169
967,-60.5,1001,166.83,2,3,55,0,0.6165
968,-60.15,1001,166.83,2,1,56,2,0.6162
969,42.46,956,159.33,1,0,50,3,0.6159
970,-60.46,1001,166.83,3,1,56,2,0.6156
971,73.31,446,74.33,3,0,27,3,0.6153
972,-59.58,1001,166.83,3,3,57,0,0.615
973,-60.27,1001,166.83,2,2,60,1,0.6147
974,-59.96,1001,166.83,3,3,55,0,0.6144
975,-60.42,1001,166.83,2,3,59,0,0.6141
976,-59.45,1001,166.83,3,2,65,1,0.6138
977,-59.95,1001,166.83,2,2,58,1,0.6135
978,-59.68,1001,166.83,3,3,58,0,0.6132
979,44.57,928,154.67,1,0,51,3,0.6129
980,-60.38,1001,166.83,3,3,55,0,0.6126
981,-135.55,585,97.5,0,1,34,2,0.6122
982,-60.17,1001,166.83,1,3,58,0,0.6119
983,57.77,700,116.67,1,0,42,3,0.6116
984,-61.01,1001,166.83,1,2,63,1,0.6113
985,-60.49,1001,166.83,1,2,59,1,0.611
986,-60.79,1001,166.83,2,3,60,0,0.6107
987,78.87,348,58.0,3,0,24,3,0.6104
988,-60.35,1001,166.83,3,1,57,2,0.6101
989,70.01,489,81.5,1,0,31,3,0.6098
990,-60.76,1001,166.83,1,2,62,1,0.6095
991,-60.4,1001,166.83,2,2,63,1,0.6092
992,-60.39,1001,166.83,2,3,60,0,0.6089
993,-59.81,1001,166.83,3,1,61,2,0.6086
994,-59.81,1001,166.83,3,3,56,0,0.6083
995,-59.92,1001,166.83,2,3,58,0,0.608
996,-59.48,1001,166.83,3,1,61,2,0.6077
997,-60.17,1001,166.83,2,1,55,2,0.6074
998,-60.11,1001,166.83,2,3,59,0,0.6071
999,-129.52,494,82.33,0,3,28,0,0.6068
1000,-157.59,953,158.83,0,3,59,0,0.6065
