episode,reward,win,epsilon,q_size
100,-67.2,0,0.998,121
200,-52.22,0,0.995,127
300,-57.84,0,0.993,127
400,-71.47,0,0.991,129
500,-52.04,0,0.988,130
600,-65.28,0,0.986,133
700,-60.4,0,0.983,133
800,-61.8,0,0.981,133
900,-70.83,0,0.979,133
1000,46.53,1,0.976,133
1100,-55.58,0,0.974,133
1200,-54.7,0,0.972,133
1300,-52.51,0,0.969,133
1400,-55.76,0,0.967,133
1500,-55.11,0,0.964,133
1600,-50.24,0,0.962,133
1700,-53.92,0,0.96,134
1800,-57.01,0,0.957,134
1900,-65.68,0,0.955,134
2000,-56.1,0,0.953,134
2100,-57.07,0,0.95,134
2200,-51.61,0,0.948,134
2300,-54.05,0,0.945,134
2400,-52.92,0,0.943,134
2500,-59.95,0,0.941,134
2600,-60.05,0,0.938,134
2700,-54.23,0,0.936,134
2800,-54.32,0,0.934,134
2900,-52.82,0,0.931,134
3000,98.33,1,0.929,134
3100,-54.02,0,0.926,134
3200,87.8,1,0.924,134
3300,-53.76,0,0.922,134
3400,-55.45,0,0.919,134
3500,-53.25,0,0.917,134
3600,-53.55,0,0.915,134
3700,47.91,1,0.912,134
3800,-55.03,0,0.91,134
3900,-51.58,0,0.907,134
4000,-55.64,0,0.905,134
4100,-55.83,0,0.903,134
4200,-55.87,0,0.9,134
4300,-55.16,0,0.898,134
4400,-53.41,0,0.896,134
4500,-57.28,0,0.893,134
4600,-53.73,0,0.891,134
4700,-53.66,0,0.888,134
4800,-54.18,0,0.886,134
4900,86.86,1,0.884,134
5000,-67.97,0,0.881,134
5100,-53.66,0,0.879,134
5200,-54.48,0,0.877,134
5300,-54.21,0,0.874,134
5400,100.38,1,0.872,134
5500,-54.48,0,0.869,134
5600,-51.33,0,0.867,134
5700,96.88,1,0.865,134
5800,-66.9,0,0.862,134
5900,-54.54,0,0.86,134
6000,-60.09,0,0.858,134
6100,48.08,1,0.855,134
6200,-54.17,0,0.853,134
6300,-52.79,0,0.85,134
6400,-55.89,0,0.848,134
6500,97.97,1,0.846,134
6600,-50.44,0,0.843,134
6700,97.42,1,0.841,134
6800,-58.02,0,0.839,134
6900,-55.13,0,0.836,134
7000,-57.53,0,0.834,134
7100,-53.48,0,0.831,134
7200,-60.02,0,0.829,134
7300,-55.88,0,0.827,134
7400,-54.4,0,0.824,134
7500,-51.26,0,0.822,134
7600,-56.86,0,0.82,134
7700,-50.92,0,0.817,134
7800,-51.88,0,0.815,134
7900,96.37,1,0.812,134
8000,-55.82,0,0.81,134
8100,-54.09,0,0.808,134
8200,-56.91,0,0.805,134
8300,-56.32,0,0.803,134
8400,-55.19,0,0.801,134
8500,-56.87,0,0.798,134
8600,-53.61,0,0.796,134
8700,-54.45,0,0.793,134
8800,90.54,1,0.791,134
8900,-53.98,0,0.789,134
9000,-53.7,0,0.786,134
9100,-51.92,0,0.784,134
9200,-51.29,0,0.782,134
9300,-58.47,0,0.779,134
9400,-55.3,0,0.777,134
9500,-52.6,0,0.774,134
9600,95.77,1,0.772,134
9700,49.39,1,0.77,134
9800,97.21,1,0.767,134
9900,-51.98,0,0.765,134
10000,47.09,1,0.763,134
10100,-60.83,0,0.76,134
10200,100.17,1,0.758,134
10300,-74.58,0,0.755,134
10400,-61.27,0,0.753,134
10500,-51.13,0,0.751,134
10600,-54.12,0,0.748,134
10700,-54.34,0,0.746,134
10800,97.61,1,0.744,134
10900,-55.69,0,0.741,134
11000,45.95,1,0.739,134
11100,-56.02,0,0.736,134
11200,-52.12,0,0.734,134
11300,-56.23,0,0.732,134
11400,93.58,1,0.729,134
11500,-52.59,0,0.727,134
11600,-52.82,0,0.725,134
11700,-51.89,0,0.722,134
11800,-52.13,0,0.72,134
11900,-52.56,0,0.717,134
12000,-63.39,0,0.715,134
12100,-52.27,0,0.713,134
12200,-56.3,0,0.71,134
12300,-57.23,0,0.708,134
12400,96.57,1,0.706,134
12500,-52.73,0,0.703,134
12600,-51.8,0,0.701,134
12700,-56.21,0,0.698,134
12800,99.4,1,0.696,134
12900,-59.01,0,0.694,134
13000,-53.7,0,0.691,134
13100,-54.88,0,0.689,134
13200,-61.09,0,0.687,134
13300,-55.48,0,0.684,134
13400,-57.29,0,0.682,134
13500,-51.82,0,0.679,134
13600,-55.92,0,0.677,134
13700,-58.23,0,0.675,134
13800,-53.72,0,0.672,134
13900,-54.95,0,0.67,134
14000,-53.17,0,0.668,134
14100,-55.53,0,0.665,134
14200,98.46,1,0.663,134
14300,-51.11,0,0.66,134
14400,-57.46,0,0.658,134
14500,-50.99,0,0.656,134
14600,86.97,1,0.653,134
14700,-54.33,0,0.651,134
14800,100.18,1,0.649,134
14900,96.72,1,0.646,134
15000,-53.41,0,0.644,134
15100,-54.23,0,0.641,134
15200,-50.94,0,0.639,134
15300,-54.16,0,0.637,134
15400,-55.57,0,0.634,134
15500,-55.79,0,0.632,134
15600,-53.15,0,0.63,134
15700,-56.52,0,0.627,134
15800,87.1,1,0.625,134
15900,93.2,1,0.622,134
16000,97.84,1,0.62,134
16100,-56.88,0,0.618,134
16200,-51.53,0,0.615,134
16300,-56.88,0,0.613,134
16400,100.07,1,0.611,134
16500,94.12,1,0.608,134
16600,-59.04,0,0.606,134
16700,-57.22,0,0.603,134
16800,94.59,1,0.601,134
16900,95.04,1,0.599,134
17000,-52.11,0,0.596,134
17100,-52.48,0,0.594,134
17200,95.1,1,0.592,134
17300,-53.86,0,0.589,134
17400,-55.15,0,0.587,134
17500,93.79,1,0.584,134
17600,-54.61,0,0.582,134
17700,96.89,1,0.58,134
17800,94.25,1,0.577,134
17900,-59.03,0,0.575,134
18000,-54.41,0,0.573,134
18100,-55.07,0,0.57,134
18200,93.61,1,0.568,134
18300,47.33,1,0.565,134
18400,-54.82,0,0.563,134
18500,-55.93,0,0.561,134
18600,94.24,1,0.558,134
18700,97.99,1,0.556,134
18800,95.46,1,0.554,134
18900,97.52,1,0.551,134
19000,-54.24,0,0.549,134
19100,-55.92,0,0.546,134
19200,-54.03,0,0.544,134
19300,86.22,1,0.542,134
19400,97.52,1,0.539,134
19500,93.8,1,0.537,134
19600,-54.66,0,0.535,134
19700,-54.0,0,0.532,134
19800,93.76,1,0.53,134
19900,49.83,1,0.527,134
20000,-55.6,0,0.525,134
20100,87.06,1,0.523,134
20200,99.51,1,0.52,134
20300,100.09,1,0.518,134
20400,-51.31,0,0.516,134
20500,-53.87,0,0.513,134
20600,94.33,1,0.511,134
20700,-58.05,0,0.508,134
20800,97.22,1,0.506,134
20900,-50.01,0,0.504,134
21000,100.38,1,0.501,134
21100,96.11,1,0.499,134
21200,100.38,1,0.497,134
21300,47.42,1,0.494,134
21400,97.75,1,0.492,134
21500,97.59,1,0.489,134
21600,-65.18,0,0.487,134
21700,-53.58,0,0.485,134
21800,-54.99,0,0.482,134
21900,-49.64,0,0.48,134
22000,98.63,1,0.478,134
22100,-62.56,0,0.475,134
22200,95.77,1,0.473,134
22300,95.26,1,0.47,134
22400,49.2,1,0.468,134
22500,99.69,1,0.466,134
22600,94.41,1,0.463,134
22700,92.81,1,0.461,134
22800,98.25,1,0.459,134
22900,96.88,1,0.456,134
23000,-56.95,0,0.454,134
23100,97.55,1,0.451,134
23200,-53.34,0,0.449,134
23300,-51.38,0,0.447,134
23400,99.81,1,0.444,134
23500,-54.24,0,0.442,134
23600,-53.32,0,0.44,134
23700,44.41,1,0.437,134
23800,-55.04,0,0.435,134
23900,50.56,1,0.432,134
24000,90.86,1,0.43,134
24100,-56.62,0,0.428,134
24200,-51.83,0,0.425,134
24300,-52.25,0,0.423,134
24400,89.8,1,0.421,134
24500,97.48,1,0.418,134
24600,-57.02,0,0.416,134
24700,-56.0,0,0.413,134
24800,99.45,1,0.411,134
24900,-53.47,0,0.409,134
25000,-51.78,0,0.406,134
25100,97.44,1,0.404,134
25200,-55.85,0,0.402,134
25300,97.71,1,0.399,134
25400,-52.88,0,0.397,134
25500,92.36,1,0.394,134
25600,97.06,1,0.392,134
25700,-51.85,0,0.39,134
25800,-53.23,0,0.387,134
25900,-53.1,0,0.385,134
26000,-51.35,0,0.383,134
26100,-54.01,0,0.38,134
26200,100.01,1,0.378,134
26300,-54.35,0,0.375,134
26400,-60.65,0,0.373,134
26500,44.91,1,0.371,134
26600,98.72,1,0.368,134
26700,93.05,1,0.366,134
26800,99.23,1,0.364,134
26900,99.07,1,0.361,134
27000,-59.72,0,0.359,134
27100,100.38,1,0.356,134
27200,-54.78,0,0.354,134
27300,-58.02,0,0.352,134
27400,39.07,1,0.349,134
27500,95.9,1,0.347,134
27600,47.83,1,0.345,134
27700,90.56,1,0.342,134
27800,99.58,1,0.34,134
27900,47.97,1,0.337,134
28000,93.81,1,0.335,134
28100,-50.94,0,0.333,134
28200,45.12,1,0.33,134
28300,98.54,1,0.328,134
28400,99.0,1,0.326,134
28500,-53.9,0,0.323,134
28600,-54.08,0,0.321,134
28700,98.84,1,0.318,134
28800,-51.89,0,0.316,134
28900,-50.66,0,0.314,134
29000,-50.33,0,0.311,134
29100,99.32,1,0.309,134
29200,47.96,1,0.307,134
29300,96.58,1,0.304,134
29400,49.13,1,0.302,134
29500,48.9,1,0.299,134
29600,-55.53,0,0.297,134
29700,-52.66,0,0.295,134
29800,97.78,1,0.292,134
29900,99.62,1,0.29,134
30000,-51.78,0,0.288,134
30100,97.94,1,0.285,134
30200,-55.27,0,0.283,134
30300,97.5,1,0.28,134
30400,99.29,1,0.278,134
30500,-50.61,0,0.276,134
30600,98.22,1,0.273,134
30700,97.45,1,0.271,134
30800,97.39,1,0.269,134
30900,95.14,1,0.266,134
31000,49.83,1,0.264,134
31100,94.01,1,0.261,134
31200,100.09,1,0.259,134
31300,95.51,1,0.257,134
31400,100.38,1,0.254,134
31500,45.82,1,0.252,134
31600,100.18,1,0.25,134
31700,93.85,1,0.247,134
31800,96.99,1,0.245,134
31900,98.44,1,0.242,134
32000,48.11,1,0.24,134
32100,99.14,1,0.238,134
32200,96.72,1,0.235,134
32300,98.33,1,0.233,134
32400,96.68,1,0.231,134
32500,-53.58,0,0.228,134
32600,47.56,1,0.226,134
32700,-50.18,0,0.223,134
32800,-53.47,0,0.221,134
32900,99.32,1,0.219,134
33000,99.81,1,0.216,134
33100,97.58,1,0.214,134
33200,-52.43,0,0.212,134
33300,100.09,1,0.209,134
33400,97.62,1,0.207,134
33500,98.79,1,0.204,134
33600,93.89,1,0.202,134
33700,99.16,1,0.2,134
33800,97.23,1,0.197,134
33900,96.84,1,0.195,134
34000,100.21,1,0.193,134
34100,99.27,1,0.19,134
34200,96.96,1,0.188,134
34300,98.15,1,0.185,134
34400,96.98,1,0.183,134
34500,92.06,1,0.181,134
34600,-50.35,0,0.178,134
34700,-52.29,0,0.176,134
34800,98.5,1,0.174,134
34900,94.37,1,0.171,134
35000,48.88,1,0.169,134
35100,-55.11,0,0.166,134
35200,99.48,1,0.164,134
35300,99.66,1,0.162,134
35400,-52.93,0,0.159,134
35500,-54.4,0,0.157,134
35600,97.7,1,0.155,134
35700,97.52,1,0.152,134
35800,99.3,1,0.15,134
35900,93.89,1,0.147,134
36000,-54.99,0,0.145,134
36100,47.58,1,0.143,134
36200,96.12,1,0.14,134
36300,49.3,1,0.138,134
36400,98.73,1,0.136,134
36500,99.64,1,0.133,134
36600,99.93,1,0.131,134
36700,98.03,1,0.128,134
36800,97.64,1,0.126,134
36900,100.09,1,0.124,134
37000,99.99,1,0.121,134
37100,-54.0,0,0.119,134
37200,-52.9,0,0.117,134
37300,97.0,1,0.114,134
37400,-53.34,0,0.112,134
37500,98.45,1,0.109,134
37600,98.97,1,0.107,134
37700,96.22,1,0.105,134
37800,96.95,1,0.102,134
37900,100.09,1,0.1,134
38000,95.85,1,0.098,134
38100,100.09,1,0.095,134
38200,97.47,1,0.093,134
38300,97.26,1,0.09,134
38400,98.49,1,0.088,134
38500,99.11,1,0.086,134
38600,48.77,1,0.083,134
38700,48.09,1,0.081,134
38800,100.13,1,0.079,134
38900,99.99,1,0.076,134
39000,99.61,1,0.074,134
39100,98.03,1,0.071,134
39200,97.77,1,0.069,134
39300,99.69,1,0.067,134
39400,98.64,1,0.064,134
39500,98.35,1,0.062,134
39600,49.02,1,0.06,134
39700,97.02,1,0.057,134
39800,99.54,1,0.055,134
39900,97.33,1,0.052,134
40000,96.04,1,0.05,134
40100,99.97,1,0.05,134
40200,99.91,1,0.05,134
40300,98.33,1,0.05,134
40400,99.53,1,0.05,134
40500,97.95,1,0.05,134
40600,96.62,1,0.05,134
40700,100.19,1,0.05,134
40800,98.15,1,0.05,134
40900,96.95,1,0.05,134
41000,99.49,1,0.05,134
41100,97.63,1,0.05,134
41200,97.29,1,0.05,134
41300,98.24,1,0.05,134
41400,98.45,1,0.05,134
41500,99.57,1,0.05,134
41600,98.96,1,0.05,134
41700,97.89,1,0.05,134
41800,98.84,1,0.05,134
41900,97.52,1,0.05,134
42000,47.84,1,0.05,134
42100,99.69,1,0.05,134
42200,99.71,1,0.05,134
42300,98.37,1,0.05,134
42400,96.06,1,0.05,134
42500,-62.17,0,0.05,134
42600,-52.28,0,0.05,134
42700,98.71,1,0.05,134
42800,99.49,1,0.05,134
42900,99.99,1,0.05,134
43000,99.57,1,0.05,134
43100,98.06,1,0.05,134
43200,-50.57,0,0.05,134
43300,98.48,1,0.05,134
43400,98.09,1,0.05,134
43500,99.01,1,0.05,134
43600,99.7,1,0.05,134
43700,98.87,1,0.05,134
43800,99.27,1,0.05,134
43900,99.27,1,0.05,134
44000,97.39,1,0.05,134
44100,99.07,1,0.05,134
44200,96.84,1,0.05,134
44300,48.09,1,0.05,134
44400,98.73,1,0.05,134
44500,98.06,1,0.05,134
44600,98.82,1,0.05,134
44700,97.51,1,0.05,134
44800,100.11,1,0.05,134
44900,98.65,1,0.05,134
45000,98.38,1,0.05,134
45100,97.08,1,0.05,134
45200,98.65,1,0.05,134
45300,97.73,1,0.05,134
45400,99.7,1,0.05,134
45500,-52.02,0,0.05,134
45600,98.6,1,0.05,134
45700,96.56,1,0.05,134
45800,99.4,1,0.05,134
45900,99.27,1,0.05,134
46000,100.57,1,0.05,134
46100,98.65,1,0.05,134
46200,99.49,1,0.05,134
46300,95.88,1,0.05,134
46400,-52.91,0,0.05,134
46500,48.16,1,0.05,134
46600,99.4,1,0.05,134
46700,98.69,1,0.05,134
46800,98.66,1,0.05,134
46900,96.51,1,0.05,134
47000,99.0,1,0.05,134
47100,98.69,1,0.05,134
47200,95.79,1,0.05,134
47300,98.5,1,0.05,134
47400,98.58,1,0.05,134
47500,99.07,1,0.05,134
47600,99.09,1,0.05,134
47700,97.95,1,0.05,134
47800,98.7,1,0.05,134
47900,49.31,1,0.05,134
48000,-52.68,0,0.05,134
48100,-53.29,0,0.05,134
48200,98.03,1,0.05,134
48300,96.97,1,0.05,134
48400,98.88,1,0.05,134
48500,100.08,1,0.05,134
48600,47.94,1,0.05,134
48700,100.18,1,0.05,134
48800,99.26,1,0.05,134
48900,99.98,1,0.05,134
49000,98.88,1,0.05,134
49100,99.08,1,0.05,134
49200,96.64,1,0.05,134
49300,98.52,1,0.05,134
49400,99.68,1,0.05,134
49500,97.31,1,0.05,134
49600,98.32,1,0.05,134
49700,98.39,1,0.05,134
49800,96.47,1,0.05,134
49900,97.71,1,0.05,134
50000,98.3,1,0.05,134
