episode,total_reward,win,epsilon,steps
1649,1047.58,1,0.578,32
1650,-1052.83,0,0.577,28
1651,-1050.78,0,0.577,8
1652,-1054.5,0,0.577,40
1653,-1052.98,0,0.577,28
1654,-1050.6,0,0.576,5
1655,-1052.92,0,0.576,32
1656,-1050.9,0,0.576,15
1657,1046.68,1,0.576,32
1658,-1054.51,0,0.575,36
1659,-1053.04,0,0.575,29
1660,-1050.89,0,0.575,9
1661,-1051.84,0,0.575,19
1662,-1051.06,0,0.575,11
1663,-1052.71,0,0.574,31
1664,-1052.4,0,0.574,20
1665,-1050.69,0,0.574,19
1666,-1051.85,0,0.574,20
1667,-1055.14,0,0.573,49
1668,-1060.05,0,0.572,90
1669,-1051.92,0,0.572,17
1670,1048.76,1,0.572,24
1671,-1051.1,0,0.572,15
1672,-1054.81,0,0.571,51
1673,1048.35,1,0.571,15
1674,-1056.12,0,0.57,72
1675,-1051.67,0,0.57,22
1676,-1052.38,0,0.57,28
1677,-1053.02,0,0.569,27
1678,-1052.71,0,0.569,26
1679,-1051.71,0,0.569,16
1680,-1054.16,0,0.568,46
1681,-1055.08,0,0.568,33
1682,-1054.0,0,0.568,35
1683,-1052.05,0,0.567,25
1684,-1051.12,0,0.567,17
1685,-1053.89,0,0.567,34
1686,-1051.34,0,0.567,14
1687,-1050.82,0,0.567,12
1688,-1051.14,0,0.566,19
1689,-1052.49,0,0.566,24
1690,-1054.19,0,0.566,34
1691,-1050.35,0,0.566,15
1692,-1052.39,0,0.565,24
1693,-1055.26,0,0.565,51
1694,-1052.82,0,0.564,37
1695,-1051.94,0,0.564,19
1696,-1052.08,0,0.564,18
1697,-1058.53,0,0.563,63
1698,-2.34,0,0.563,29
1699,-1066.52,0,0.562,112
1700,-1062.87,0,0.561,77
1701,-4.26,0,0.561,41
1702,-1051.32,0,0.56,17
1703,-1050.93,0,0.56,13
1,-1051.47,0,1.0,12
2,-1052.75,0,1.0,30
3,-6.29,0,0.999,39
1704,-1052.42,0,0.56,32
4,-1056.34,0,0.999,54
5,-1052.45,0,0.998,20
6,-1052.19,0,0.998,19
7,-1051.69,0,0.998,14
8,-1050.97,0,0.998,12
1705,-1051.27,0,0.56,17
9,-1051.0,0,0.998,10
10,-1053.86,0,0.997,36
11,-1053.66,0,0.997,36
12,1044.89,1,0.997,31
13,-1053.78,0,0.996,38
14,-1052.66,0,0.996,6
15,-1052.15,0,0.996,20
16,-1054.44,0,0.996,34
17,-1050.7,0,0.996,10
18,-1051.76,0,0.995,16
1706,-1053.18,0,0.559,43
19,-1052.61,0,0.995,26
20,-1051.76,0,0.995,16
21,-1052.49,0,0.995,19
22,-1057.36,0,0.994,66
23,-1053.04,0,0.994,29
1707,-1052.98,0,0.559,28
24,-1053.53,0,0.993,33
25,-1069.16,0,0.992,126
26,-1051.01,0,0.992,11
27,-1050.96,0,0.992,11
28,-1053.28,0,0.992,28
29,-1052.86,0,0.991,31
30,-1053.22,0,0.991,32
1708,-1052.91,0,0.559,36
31,-1052.77,0,0.991,27
32,-1051.66,0,0.99,16
33,-1053.44,0,0.99,24
34,-1052.0,0,0.99,20
35,-1051.05,0,0.99,15
1709,-1051.95,0,0.558,15
36,-1053.59,0,0.989,34
37,-1051.58,0,0.989,13
38,-1051.12,0,0.989,17
39,-1050.92,0,0.989,12
1710,-1053.85,0,0.558,45
1711,-1050.7,0,0.558,10
40,-1056.41,0,0.988,56
1712,-1052.9,0,0.558,35
41,-1051.67,0,0.988,17
1713,-1051.77,0,0.557,27
42,-1051.85,0,0.988,20
1714,-1051.05,0,0.557,15
43,-1053.77,0,0.988,32
44,-1053.66,0,0.987,26
1715,-1056.16,0,0.556,61
45,1046.13,1,0.987,32
46,-1051.04,0,0.987,9
1716,-1052.09,0,0.556,19
47,-1052.01,0,0.987,16
48,-1051.02,0,0.987,7
1717,-1053.73,0,0.556,43
49,-1053.57,0,0.986,32
50,-1050.9,0,0.986,10
1718,-1051.06,0,0.556,11
51,-1051.02,0,0.986,7
1719,-1052.31,0,0.555,26
52,1043.6,1,0.986,50
53,-1051.05,0,0.986,10
54,-1052.31,0,0.985,26
1720,-1058.17,0,0.555,57
1721,-1051.12,0,0.555,7
55,-1054.25,0,0.985,35
1722,-1054.37,0,0.554,32
56,-1054.29,0,0.985,19
1723,-1052.14,0,0.554,19
57,-1056.02,0,0.984,47
1724,-1053.47,0,0.554,37
1725,-1055.01,0,0.553,46
58,-1058.73,0,0.983,73
59,-1051.64,0,0.983,14
1726,-1053.82,0,0.553,32
1727,-1050.65,0,0.553,5
60,-1051.98,0,0.983,18
61,-1051.77,0,0.983,17
1728,-1052.29,0,0.553,29
62,-1051.61,0,0.983,16
1729,-1050.66,0,0.552,11
63,-1053.17,0,0.982,32
1730,-1051.82,0,0.552,22
1731,-1051.28,0,0.552,13
64,-1056.55,0,0.982,50
1732,-1052.62,0,0.552,27
65,-1052.13,0,0.982,23
1733,-1054.26,0,0.551,41
66,-1053.1,0,0.981,30
67,-1051.24,0,0.981,14
68,-1051.91,0,0.981,21
1734,1046.3,1,0.551,45
69,-1052.29,0,0.981,24
1735,-1052.12,0,0.551,27
70,-1051.83,0,0.98,23
71,-0.55,0,0.98,5
1736,-1052.89,0,0.55,19
72,-1051.82,0,0.98,22
1737,-6.1,0,0.55,50
73,-1067.06,0,0.979,76
1738,-1053.9,0,0.55,35
74,-1051.23,0,0.979,13
75,-0.2,0,0.979,5
1739,-1052.8,0,0.549,25
1740,-1052.57,0,0.549,27
76,-1058.65,0,0.979,60
77,-1052.86,0,0.978,16
1741,-1051.9,0,0.549,35
78,-1053.83,0,0.978,28
1742,-1052.74,0,0.548,39
1743,-1052.02,0,0.548,22
79,-1060.1,0,0.977,65
1744,-1051.72,0,0.548,22
80,-1055.13,0,0.977,28
1745,-1051.32,0,0.548,22
81,-1051.22,0,0.977,12
82,-1052.42,0,0.977,22
83,-1051.43,0,0.977,13
1746,-1053.62,0,0.547,47
84,-1052.55,0,0.976,25
1747,-1051.98,0,0.547,18
85,-1051.23,0,0.976,13
86,-1051.07,0,0.976,12
1748,-1051.58,0,0.547,18
87,-1050.84,0,0.976,9
88,-1053.08,0,0.976,28
1749,-1053.62,0,0.546,27
89,-1051.71,0,0.976,16
90,-1050.87,0,0.975,12
1750,1045.22,1,0.546,33
1751,-1051.85,0,0.546,20
91,-1055.28,0,0.975,48
1752,-1051.29,0,0.546,14
92,-1052.31,0,0.975,21
1753,-1051.3,0,0.545,20
93,-1.22,0,0.975,12
1754,-1051.5,0,0.545,15
94,-1052.23,0,0.974,23
95,-1050.89,0,0.974,9
96,-1051.38,0,0.974,18
97,-1050.43,0,0.974,3
1755,-1053.87,0,0.545,42
98,-1052.5,0,0.974,20
99,-1054.3,0,0.973,35
100,-1051.7,0,0.973,15
101,-1054.23,0,0.973,43
102,-1052.89,0,0.972,29
103,-1051.16,0,0.972,16
1756,-1088.93,0,0.542,223
104,-1060.07,0,0.971,87
105,-1050.28,0,0.971,8
1757,1047.04,1,0.542,26
106,-1053.55,0,0.971,30
107,-1050.15,0,0.971,5
1758,-1052.51,0,0.542,16
108,-1053.1,0,0.971,30
1759,-1054.02,0,0.542,47
109,-1051.78,0,0.97,23
110,-1054.64,0,0.97,39
1760,-1052.6,0,0.541,30
1761,-1052.54,0,0.541,29
111,-1054.79,0,0.97,44
1762,-1051.54,0,0.541,14
112,-1050.47,0,0.969,7
1763,-1051.44,0,0.541,14
113,-1052.04,0,0.969,19
114,-1053.49,0,0.969,29
1764,-1052.46,0,0.54,31
115,1048.09,1,0.969,16
1765,-1051.52,0,0.54,17
116,-1050.9,0,0.969,10
117,1047.58,1,0.968,27
1766,-1053.56,0,0.54,41
118,1048.36,1,0.968,19
119,-1053.48,0,0.968,33
1767,-1052.92,0,0.539,37
120,-1053.79,0,0.968,29
1768,-1052.5,0,0.539,30
121,1049.32,1,0.967,8
1769,-1051.55,0,0.539,20
122,-1055.77,0,0.967,37
123,-1050.54,0,0.967,9
124,1049.51,1,0.967,4
1770,-1053.07,0,0.538,42
125,-1052.92,0,0.967,32
1771,-1052.8,0,0.538,35
126,-1053.27,0,0.966,32
127,1046.45,1,0.966,25
128,-1050.49,0,0.966,4
1772,-1055.03,0,0.537,48
129,-1053.23,0,0.966,28
1773,-1052.39,0,0.537,29
130,-1051.58,0,0.965,18
1774,-2.91,0,0.537,36
131,-1054.73,0,0.965,33
132,-1052.1,0,0.965,15
1775,1047.93,1,0.536,27
133,-1052.48,0,0.965,23
134,-1052.04,0,0.965,14
1776,-1054.19,0,0.536,44
135,-1051.37,0,0.964,12
1777,-1051.07,0,0.536,12
136,1046.04,1,0.964,41
137,-1051.04,0,0.964,9
1778,-1053.76,0,0.536,36
1779,-1052.25,0,0.535,20
138,-1052.46,0,0.964,26
139,-1053.68,0,0.963,28
140,-1051.46,0,0.963,11
141,-1051.72,0,0.963,12
142,-1058.14,0,0.962,64
143,-1051.01,0,0.962,11
144,-1053.67,0,0.962,37
145,-1052.36,0,0.962,21
1780,-1095.54,0,0.533,184
146,-1051.95,0,0.961,25
147,-1050.84,0,0.961,14
148,-1051.59,0,0.961,19
1781,-1055.62,0,0.533,47
1782,-1050.78,0,0.533,13
149,-1052.51,0,0.961,21
150,-1053.75,0,0.96,40
1783,-1055.1,0,0.532,50
1784,-1050.59,0,0.532,9
151,-1053.37,0,0.96,37
1785,-1050.81,0,0.532,11
152,-1051.46,0,0.96,16
1786,-1052.96,0,0.532,26
153,-1051.37,0,0.96,17
154,-1051.71,0,0.96,16
1787,-1051.89,0,0.532,19
1788,-1053.08,0,0.531,38
1789,-1054.86,0,0.531,41
155,-1066.06,0,0.958,101
156,1048.14,1,0.958,26
157,-1052.42,0,0.958,22
158,-1054.6,0,0.957,45
1790,-1057.99,0,0.53,94
159,-1054.78,0,0.957,43
1791,-1054.96,0,0.529,31
160,-1052.83,0,0.957,23
161,-1050.43,0,0.957,3
1792,-1055.34,0,0.529,49
162,-1053.98,0,0.956,33
163,-1051.92,0,0.956,17
1793,-1052.02,0,0.529,27
164,-1051.73,0,0.956,18
1794,-1051.67,0,0.528,17
165,-1051.06,0,0.956,11
1795,-1051.11,0,0.528,16
166,1047.27,1,0.956,23
167,1049.21,1,0.956,9
1796,-1052.04,0,0.528,24
168,-1050.65,0,0.955,10
1797,-1051.4,0,0.528,15
1798,-1051.04,0,0.528,14
169,-1053.4,0,0.955,35
1799,-1052.74,0,0.527,29
1800,-1050.7,0,0.527,5
170,-1054.24,0,0.955,44
171,-1051.94,0,0.954,19
172,-1051.14,0,0.954,14
1801,-1055.08,0,0.527,48
173,-1052.87,0,0.954,22
174,1044.7,1,0.954,35
175,-1051.43,0,0.954,13
176,-1051.16,0,0.953,11
1802,-1060.89,0,0.526,64
177,-1052.79,0,0.953,29
178,-1051.92,0,0.953,17
1803,-1054.58,0,0.526,48
179,-1053.05,0,0.953,15
180,-1053.53,0,0.952,28
181,-0.44,0,0.952,4
182,-1054.53,0,0.952,38
183,-1054.36,0,0.952,26
184,-1054.01,0,0.951,36
185,-1052.36,0,0.951,21
186,-1056.54,0,0.951,24
187,-1051.74,0,0.951,14
188,-1051.59,0,0.951,19
189,-1053.38,0,0.95,33
190,-1052.92,0,0.95,32
191,-1052.77,0,0.95,27
192,-1052.61,0,0.949,21
193,-1052.09,0,0.949,19
194,-1052.78,0,0.949,23
195,-1053.96,0,0.948,41
196,-1055.1,0,0.948,45
197,-1050.3,0,0.948,5
198,-1055.34,0,0.948,39
199,-1051.46,0,0.947,16
1804,-1057.9,0,0.525,85
1805,-1053.5,0,0.524,40
1806,-1052.7,0,0.524,15
1807,-1051.31,0,0.524,11
1808,-1051.97,0,0.524,17
1809,-1051.81,0,0.524,26
1810,-1055.95,0,0.523,55
1811,-1051.17,0,0.523,17
1812,-1051.91,0,0.523,26
1813,-3.34,0,0.522,39
1814,-1052.4,0,0.522,30
1815,-1050.66,0,0.522,6
1816,-1055.44,0,0.521,44
1817,-1052.97,0,0.521,32
1818,1047.14,1,0.521,26
1819,-1053.52,0,0.52,42
1820,-1051.04,0,0.52,14
1821,-1052.11,0,0.52,26
1822,-1052.19,0,0.52,9
200,-1053.87,0,0.947,37
201,-1051.73,0,0.947,18
1823,-1051.8,0,0.519,25
1824,-1051.09,0,0.519,14
202,-1052.78,0,0.946,33
203,-1050.58,0,0.946,8
204,-1050.36,0,0.946,6
1825,-1053.23,0,0.519,38
1826,-1050.8,0,0.519,15
205,1042.55,1,0.946,50
206,1047.68,1,0.945,27
1827,-1053.88,0,0.518,38
1828,-1052.73,0,0.518,13
207,-1053.73,0,0.945,38
1829,-1055.51,0,0.518,36
208,-1052.22,0,0.945,22
209,-1051.43,0,0.945,13
210,-1054.45,0,0.944,40
1830,1045.93,1,0.517,47
211,-1050.76,0,0.944,6
212,-1053.47,0,0.944,17
213,-1052.1,0,0.944,20
1831,-1053.73,0,0.517,43
1832,-1050.59,0,0.517,4
214,1047.09,1,0.944,26
1833,-1055.45,0,0.516,50
215,-1057.02,0,0.943,52
216,-1052.89,0,0.943,29
217,-1050.18,0,0.943,3
1834,-1053.81,0,0.516,51
218,-1051.45,0,0.942,20
219,1041.95,1,0.942,70
1835,-1058.27,0,0.515,82
220,-1051.64,0,0.942,19
221,-1054.55,0,0.941,40
222,1049.82,1,0.941,13
1836,-1054.49,0,0.514,54
223,-1052.19,0,0.941,24
1837,-1051.07,0,0.514,22
224,-1052.5,0,0.941,20
225,-1051.75,0,0.94,20
226,-1051.86,0,0.94,21
1838,-1057.69,0,0.513,59
227,-1055.56,0,0.94,51
1839,-1054.34,0,0.513,49
228,-1052.75,0,0.939,25
1840,-1051.05,0,0.513,20
229,-2.06,0,0.939,26
1841,-1050.94,0,0.513,9
230,-1051.33,0,0.939,13
1842,-1051.93,0,0.512,18
231,-1051.86,0,0.939,16
232,-1053.04,0,0.938,34
233,-1053.06,0,0.938,26
1843,-1057.96,0,0.512,71
234,-1051.25,0,0.938,15
235,-1053.91,0,0.938,36
1844,-1054.89,0,0.511,59
236,-1052.69,0,0.937,24
237,-1051.74,0,0.937,19
1845,-1052.11,0,0.511,26
238,-1052.06,0,0.937,16
1846,-1052.63,0,0.51,33
239,-1053.37,0,0.937,32
240,-1051.66,0,0.936,16
1847,-1054.78,0,0.51,38
241,-1052.33,0,0.936,28
1848,-1050.94,0,0.51,14
1849,-1050.53,0,0.51,3
242,-1052.0,0,0.936,20
1850,-1052.0,0,0.51,15
243,-1051.41,0,0.936,16
244,-1052.14,0,0.935,24
245,-1050.9,0,0.935,10
1851,1045.78,1,0.509,42
246,1047.02,1,0.935,28
1852,1043.76,1,0.509,39
247,-1053.35,0,0.935,30
1853,-1051.94,0,0.509,24
248,-1052.2,0,0.935,20
249,-1054.87,0,0.934,42
250,-1053.05,0,0.934,30
1854,-1057.34,0,0.508,69
251,-1050.95,0,0.934,15
252,-1050.98,0,0.933,13
1855,-1054.32,0,0.507,37
253,-1051.59,0,0.933,14
254,-1050.51,0,0.933,6
1856,-1052.66,0,0.507,21
255,-1052.65,0,0.933,25
256,-1052.0,0,0.933,15
257,-1052.35,0,0.933,25
1857,-1056.1,0,0.507,45
258,-1053.37,0,0.932,27
1858,-1053.81,0,0.506,31
259,1048.34,1,0.932,21
1859,-1054.11,0,0.506,31
260,1045.31,1,0.932,34
261,-1050.35,0,0.932,5
262,-1051.17,0,0.932,12
1860,-1053.05,0,0.506,40
263,-1052.62,0,0.931,22
264,-1052.3,0,0.931,20
1861,-1054.61,0,0.505,41
265,1048.11,1,0.931,19
266,-1050.47,0,0.931,7
267,-1051.0,0,0.931,10
1862,-1052.76,0,0.505,31
268,-1053.03,0,0.931,18
269,-2.21,0,0.93,21
270,-1052.17,0,0.93,22
1863,-1054.81,0,0.504,51
271,-1051.05,0,0.93,10
1864,-1052.25,0,0.504,25
272,-1054.01,0,0.93,31
273,-1050.69,0,0.93,4
274,-1054.26,0,0.929,46
1865,-1054.4,0,0.504,45
275,-1053.62,0,0.929,37
1866,-1053.62,0,0.503,42
276,1048.58,1,0.928,22
277,-1049.99,0,0.928,4
1867,-1052.38,0,0.503,33
278,1047.86,1,0.928,24
1868,-1050.34,0,0.503,4
279,-1052.01,0,0.928,16
1869,-1054.03,0,0.502,38
280,-1052.43,0,0.928,28
281,-1051.19,0,0.928,14
1870,-1056.2,0,0.502,45
282,-1053.76,0,0.927,36
283,1046.77,1,0.927,33
284,-1051.5,0,0.927,20
285,-1051.28,0,0.926,13
286,-1054.28,0,0.926,33
287,-1051.95,0,0.926,20
1871,1032.72,1,0.501,113
288,-1050.86,0,0.926,11
289,-1051.98,0,0.926,18
1872,-1052.64,0,0.5,29
290,-1057.03,0,0.925,43
1873,-1052.81,0,0.5,36
291,-1053.33,0,0.925,33
292,-1051.57,0,0.925,17
1874,-1056.11,0,0.499,61
293,-1052.4,0,0.924,20
294,-1051.07,0,0.924,12
295,-1050.57,0,0.924,7
1875,-1054.12,0,0.499,27
296,-1054.13,0,0.924,28
1876,-1054.4,0,0.499,40
297,-1056.08,0,0.924,38
298,-1050.9,0,0.923,10
1877,-1051.48,0,0.498,23
1878,-1052.41,0,0.498,21
299,-1054.89,0,0.923,29
1879,-1050.44,0,0.498,9
1880,-1050.7,0,0.498,5
1881,-1051.19,0,0.498,9
1882,-1052.06,0,0.498,21
300,-1055.63,0,0.923,58
301,-1052.25,0,0.922,25
1883,-1054.49,0,0.497,44
1884,-1052.57,0,0.497,32
302,1042.56,1,0.922,54
1885,-1050.24,0,0.497,4
303,-1051.96,0,0.922,16
1886,-1053.04,0,0.497,39
304,-1052.73,0,0.921,28
305,-1053.13,0,0.921,33
1887,-1052.2,0,0.496,35
306,-1050.36,0,0.921,6
307,-1055.14,0,0.92,44
308,-1051.46,0,0.92,16
309,-1052.52,0,0.92,27
1888,-1057.95,0,0.495,85
310,-1052.11,0,0.92,21
311,1048.1,1,0.919,20
1889,-1054.17,0,0.495,42
312,-1053.05,0,0.919,35
1890,-1054.95,0,0.494,40
1891,-1050.54,0,0.494,9
313,-1056.22,0,0.918,57
1892,-1052.59,0,0.494,29
314,-1050.94,0,0.918,9
315,-1051.41,0,0.918,16
1893,-1052.2,0,0.494,20
316,-1051.99,0,0.918,19
317,-1052.11,0,0.918,16
1894,-1052.32,0,0.494,27
318,-1051.39,0,0.918,14
319,-1050.91,0,0.918,11
1895,-1054.02,0,0.493,42
1896,-1050.82,0,0.493,7
320,-1054.62,0,0.917,42
321,-1050.64,0,0.917,4
322,-1054.27,0,0.917,32
1897,-1052.43,0,0.493,38
323,-1052.56,0,0.916,26
324,-0.35,0,0.916,5
1898,-1054.85,0,0.492,50
325,-1052.53,0,0.916,23
326,-1051.7,0,0.916,10
327,1049.52,1,0.916,3
328,-1051.98,0,0.916,13
329,-1050.71,0,0.916,6
1899,-1051.92,0,0.492,37
330,-1051.34,0,0.916,14
331,-1050.88,0,0.916,8
1900,-1053.97,0,0.491,32
332,-1052.55,0,0.915,25
333,-1052.69,0,0.915,29
1901,-1053.04,0,0.491,29
334,-1051.09,0,0.915,9
335,-1051.28,0,0.915,13
1902,-1053.17,0,0.491,37
336,-1052.37,0,0.915,22
337,-1051.15,0,0.914,10
1903,-1058.29,0,0.49,39
1904,-1051.04,0,0.49,9
338,-1061.19,0,0.914,54
339,-1053.86,0,0.914,26
1905,-1052.91,0,0.49,36
340,-1052.33,0,0.913,23
1906,-1050.68,0,0.49,18
341,-1051.35,0,0.913,15
342,-1052.36,0,0.913,21
1907,-1054.57,0,0.489,47
343,-1053.82,0,0.913,32
1908,-1050.91,0,0.489,16
344,-1050.7,0,0.913,5
1909,-1052.3,0,0.489,10
345,-1052.01,0,0.912,21
1910,-1051.32,0,0.489,17
346,-1053.31,0,0.912,31
347,-1051.69,0,0.912,14
1911,-1055.21,0,0.488,51
348,-1052.33,0,0.912,28
1912,-1052.07,0,0.488,22
1913,-1050.73,0,0.488,8
349,-1056.6,0,0.911,55
1914,-1053.09,0,0.487,34
350,-1053.09,0,0.911,34
351,0.07,0,0.911,3
1915,-1056.1,0,0.487,60
1916,-1051.93,0,0.486,23
352,1040.48,1,0.91,72
1917,-1051.57,0,0.486,22
353,-1053.05,0,0.91,30
1918,-6.35,0,0.486,50
354,-1054.96,0,0.909,51
1919,-1053.21,0,0.485,36
355,-1053.53,0,0.909,38
356,-1050.57,0,0.909,7
1920,-1057.56,0,0.485,31
357,-6.26,0,0.908,41
1921,-1052.52,0,0.485,32
1922,-1051.97,0,0.485,7
358,-1052.76,0,0.908,26
1923,-1051.58,0,0.484,28
359,-1052.58,0,0.908,23
360,-1051.0,0,0.908,10
1924,-1052.73,0,0.484,28
361,-1053.39,0,0.907,34
1925,-0.95,0,0.484,15
362,-1051.47,0,0.907,22
363,-1051.96,0,0.907,16
364,-1053.73,0,0.907,23
1926,-1059.3,0,0.483,90
365,-1053.25,0,0.906,30
366,-1053.39,0,0.906,39
367,-1051.35,0,0.906,15
368,-1054.93,0,0.905,43
1927,-1062.06,0,0.482,111
1928,-1051.14,0,0.482,4
369,-1057.9,0,0.905,50
1929,-1052.84,0,0.481,29
370,-1053.87,0,0.904,42
1930,-1052.03,0,0.481,28
371,-1051.36,0,0.904,11
1931,-1054.4,0,0.481,20
372,-1053.76,0,0.904,31
373,-1050.99,0,0.904,14
374,-1052.26,0,0.903,31
375,-1051.88,0,0.903,18
376,-1051.35,0,0.903,15
1932,-9.62,0,0.48,92
377,-1053.85,0,0.903,30
1933,-1050.73,0,0.48,13
378,-1050.82,0,0.903,12
379,-1050.52,0,0.902,7
1934,-1052.88,0,0.48,23
380,-1054.5,0,0.902,40
1935,-1053.34,0,0.479,39
1936,-1050.86,0,0.479,6
381,-1054.52,0,0.902,37
1937,1047.7,1,0.479,35
382,-1052.81,0,0.901,21
383,-1050.39,0,0.901,4
384,-1051.79,0,0.901,19
385,-1051.55,0,0.901,20
1938,-1054.56,0,0.478,46
386,-1053.23,0,0.901,23
387,-1051.59,0,0.901,14
388,-1051.79,0,0.9,19
1939,-1056.84,0,0.478,54
389,-1051.59,0,0.9,14
390,-1052.26,0,0.9,21
1940,-1059.74,0,0.477,59
392,-1051.39,0,0.899,14
393,1049.61,1,0.899,9
1941,-1053.08,0,0.477,28
394,1047.01,1,0.899,24
1942,-1051.36,0,0.477,21
395,-1051.85,0,0.899,25
1943,-1053.6,0,0.476,35
396,-1051.56,0,0.899,21
397,-1051.64,0,0.898,14
1944,-1052.82,0,0.476,27
398,-1051.85,0,0.898,15
1945,-1050.93,0,0.476,13
399,-1050.68,0,0.898,13
400,-1050.51,0,0.898,6
401,-1050.99,0,0.898,9
1946,1048.78,1,0.475,22
1947,-1052.5,0,0.475,30
402,-1054.13,0,0.898,38
403,-1052.41,0,0.897,21
404,-1051.79,0,0.897,14
1948,-1054.89,0,0.475,34
405,-1052.95,0,0.897,25
1949,-1053.08,0,0.474,33
406,-1052.62,0,0.897,27
407,-1050.4,0,0.897,5
1950,1047.21,1,0.474,29
408,-1053.07,0,0.896,27
1951,-1056.44,0,0.474,39
409,-1053.01,0,0.896,31
410,1039.75,1,0.895,50
411,-1052.24,0,0.895,19
1952,-1058.41,0,0.473,76
412,-1052.63,0,0.895,23
413,-1050.68,0,0.895,8
1953,-1053.17,0,0.473,32
414,-1050.82,0,0.895,12
1954,-1053.9,0,0.472,25
415,-1054.28,0,0.894,28
1955,-1051.33,0,0.472,13
1956,-1050.76,0,0.472,16
416,1045.89,1,0.894,36
417,-1051.64,0,0.894,19
418,-1050.49,0,0.894,4
419,-1053.07,0,0.894,32
1957,-1061.39,0,0.471,69
420,-3.39,0,0.893,29
1958,1046.35,1,0.471,40
421,-1052.13,0,0.893,23
422,-1052.38,0,0.893,23
1959,-1055.84,0,0.47,54
423,-1056.52,0,0.892,52
424,-1054.29,0,0.892,39
1960,-1056.76,0,0.47,66
425,-1052.0,0,0.892,25
1961,-1055.94,0,0.469,39
426,-1052.01,0,0.891,26
427,-1050.93,0,0.891,8
428,-1050.73,0,0.891,8
429,-1050.6,0,0.891,10
1962,-1059.66,0,0.469,56
430,-1054.67,0,0.891,42
431,-1050.52,0,0.89,7
432,-1054.95,0,0.89,45
1963,-1061.11,0,0.468,71
433,-1051.64,0,0.89,14
1964,-1051.19,0,0.468,14
434,-1052.1,0,0.89,25
435,-1051.64,0,0.889,19
1965,-1056.36,0,0.467,46
436,-1054.04,0,0.889,39
1966,-1051.75,0,0.467,30
437,-1054.67,0,0.889,37
438,-1056.28,0,0.888,38
439,-1050.34,0,0.888,4
440,-1053.49,0,0.888,24
1967,-1064.3,0,0.466,110
441,-1052.29,0,0.888,24
1968,-1050.69,0,0.466,24
1969,-1050.77,0,0.465,7
442,-1052.47,0,0.887,22
443,1048.69,1,0.887,16
444,1047.36,1,0.887,24
445,-1051.01,0,0.887,11
446,-1052.21,0,0.887,16
447,-1052.27,0,0.886,22
448,-1051.9,0,0.886,25
449,-1052.74,0,0.886,24
1970,-1077.81,0,0.464,141
450,-1053.48,0,0.886,28
451,-1052.55,0,0.885,25
1971,-1055.23,0,0.463,58
452,-1052.69,0,0.885,24
453,-1052.28,0,0.885,23
454,-1052.1,0,0.885,25
1972,-1059.63,0,0.463,58
455,-1052.46,0,0.884,26
1973,-1052.11,0,0.462,31
456,-1052.42,0,0.884,27
1974,-1052.97,0,0.462,37
457,-1053.91,0,0.884,36
458,-1050.85,0,0.884,10
1975,-1052.15,0,0.462,25
459,-1053.63,0,0.883,33
1976,-1055.08,0,0.461,23
460,-1054.53,0,0.883,18
461,-1050.74,0,0.883,14
1977,1045.45,1,0.461,35
462,-1053.09,0,0.883,29
463,-1051.92,0,0.882,17
464,-1050.75,0,0.882,10
465,-2.92,0,0.882,27
1978,-1057.9,0,0.46,85
466,-1054.77,0,0.882,32
1979,-1052.81,0,0.46,36
467,-1054.02,0,0.881,32
1980,-1051.02,0,0.46,22
468,-1052.81,0,0.881,36
469,-1053.03,0,0.881,33
470,-1051.36,0,0.88,16
1981,-1057.24,0,0.459,69
1982,1046.84,1,0.459,26
471,1040.85,1,0.88,75
472,-1050.85,0,0.88,10
1983,-1056.44,0,0.458,54
473,-1050.95,0,0.879,5
1984,-1053.63,0,0.458,28
474,-1052.88,0,0.879,33
475,-1052.84,0,0.879,19
1985,-1051.48,0,0.457,23
476,-1052.34,0,0.879,24
477,-1050.25,0,0.879,10
478,-1050.54,0,0.879,4
1986,-1053.74,0,0.457,39
479,-1051.96,0,0.878,16
480,-1053.22,0,0.878,22
1987,-1054.68,0,0.457,43
481,-1052.38,0,0.878,23
482,-1051.06,0,0.878,11
1988,-1053.3,0,0.456,40
483,-1052.44,0,0.878,24
1989,-1051.61,0,0.456,16
484,1047.35,1,0.877,25
1990,-1051.32,0,0.456,17
485,-1051.97,0,0.877,27
486,-1050.79,0,0.877,4
1991,-1052.86,0,0.456,26
487,-1050.76,0,0.877,11
488,-1050.69,0,0.877,9
1992,-1052.44,0,0.455,29
489,-1054.48,0,0.876,43
490,-1056.66,0,0.876,46
1993,-1059.28,0,0.455,68
491,-1051.29,0,0.876,9
492,-1050.5,0,0.876,5
493,-1051.64,0,0.875,14
1994,-1054.06,0,0.454,46
494,-1053.59,0,0.875,29
1995,-1051.71,0,0.454,16
495,-1051.54,0,0.875,19
1996,-1051.92,0,0.454,22
496,-1054.97,0,0.875,42
497,-1051.19,0,0.874,19
1997,-1057.69,0,0.453,59
1998,-1051.69,0,0.453,34
498,-1058.52,0,0.874,42
499,-1050.49,0,0.874,9
1999,-1054.9,0,0.452,35
2000,-1050.82,0,0.452,12
2001,-1050.36,0,0.452,6
500,1043.38,1,0.873,52
2002,-1052.36,0,0.452,21
501,-1051.58,0,0.873,18
502,-1050.47,0,0.873,7
2003,-1053.36,0,0.451,41
2004,-1051.46,0,0.451,16
503,-1055.92,0,0.872,52
504,-1052.96,0,0.872,31
505,-1051.84,0,0.872,19
506,-1051.91,0,0.872,21
2005,-1056.79,0,0.451,74
507,-1050.91,0,0.872,11
508,-1053.56,0,0.871,26
509,-1050.93,0,0.871,8
510,-1051.95,0,0.871,25
511,-1052.33,0,0.871,28
512,-1050.92,0,0.871,12
2006,-1061.96,0,0.449,111
513,-1051.37,0,0.87,12
2007,-1052.18,0,0.449,33
514,-1055.56,0,0.87,41
515,-1051.42,0,0.87,12
516,-1050.64,0,0.87,4
517,-1055.41,0,0.869,56
518,-1055.95,0,0.869,40
519,-1052.05,0,0.869,20
2008,-1081.63,0,0.447,163
520,-1055.31,0,0.868,36
521,-1053.38,0,0.868,33
2009,-1053.52,0,0.447,37
522,-0.39,0,0.868,4
523,-1052.65,0,0.868,25
2010,-1053.33,0,0.447,38
2011,-1050.14,0,0.446,4
524,-1052.52,0,0.867,22
525,-1051.54,0,0.867,14
2012,-1053.93,0,0.446,23
526,1048.32,1,0.867,18
2013,-1055.1,0,0.446,30
527,-1051.93,0,0.867,23
2014,-1051.45,0,0.446,20
528,-1051.89,0,0.866,19
529,-1.65,0,0.866,15
530,-1050.81,0,0.866,11
531,0.1,0,0.866,5
2015,-1054.39,0,0.445,34
532,-1055.34,0,0.866,44
2016,-1056.16,0,0.445,61
533,-1057.26,0,0.865,66
534,-1050.8,0,0.865,10
535,-1051.18,0,0.865,13
536,-1052.0,0,0.865,20
537,-1051.41,0,0.864,11
538,-1051.65,0,0.864,20
539,-1051.53,0,0.864,13
2017,-1069.3,0,0.443,115
2018,-1053.47,0,0.443,22
2019,-1052.05,0,0.443,20
540,1045.19,1,0.864,51
2020,-1050.91,0,0.443,11
2021,-1050.64,0,0.443,4
541,-1052.85,0,0.863,30
2022,-1054.13,0,0.443,28
542,-1053.58,0,0.863,38
543,-1052.73,0,0.863,28
544,-1051.95,0,0.862,20
545,-1052.06,0,0.862,16
546,-1050.94,0,0.862,14
547,-2.0,0,0.862,25
2023,-1069.02,0,0.441,127
548,-1052.12,0,0.862,22
2024,-1051.8,0,0.441,25
549,-1051.9,0,0.861,20
550,-1051.96,0,0.861,16
551,-1053.31,0,0.861,21
2025,-1054.99,0,0.441,44
2026,-1051.31,0,0.44,16
552,-1051.84,0,0.861,24
553,-1050.84,0,0.861,14
2027,-1050.93,0,0.44,18
554,-1051.51,0,0.86,16
2028,-1055.05,0,0.44,25
555,-1052.85,0,0.86,25
556,-1049.73,0,0.86,3
2029,-1051.32,0,0.44,17
557,-1051.55,0,0.86,20
558,-1051.66,0,0.86,16
2030,-1054.26,0,0.439,46
559,-1053.49,0,0.859,34
2031,-1051.95,0,0.439,30
2032,-1050.74,0,0.439,9
560,-1052.96,0,0.859,31
2033,-1053.02,0,0.439,27
561,1047.47,1,0.859,23
562,-1050.79,0,0.859,4
563,-1053.14,0,0.858,34
2034,1045.64,1,0.438,51
564,-1051.95,0,0.858,25
2035,-1054.17,0,0.438,37
565,-1053.24,0,0.858,19
566,-1054.51,0,0.858,36
567,-1051.42,0,0.857,17
568,-1054.86,0,0.857,41
569,-1051.78,0,0.857,18
2036,-1073.63,0,0.436,138
570,-1054.0,0,0.856,40
571,-1052.1,0,0.856,20
572,-1051.36,0,0.856,11
573,-1051.04,0,0.856,14
574,-1050.8,0,0.856,10
575,-1052.68,0,0.855,28
576,-1051.89,0,0.855,19
2037,1033.19,1,0.435,126
2038,-1053.45,0,0.435,25
577,-1053.63,0,0.855,38
578,-1051.49,0,0.855,14
579,-1050.55,0,0.855,5
2039,-1054.66,0,0.434,51
580,-1053.17,0,0.854,27
2040,-1050.76,0,0.434,6
581,1047.58,1,0.854,27
2041,-1052.3,0,0.434,25
2042,-1050.34,0,0.434,4
582,-1053.01,0,0.854,31
2043,-1052.01,0,0.433,31
2044,-1051.33,0,0.433,18
583,-1053.48,0,0.853,33
584,-1052.12,0,0.853,22
585,-1054.57,0,0.853,47
2045,-1061.0,0,0.432,65
2046,-1051.27,0,0.432,12
586,-1052.57,0,0.852,22
587,-1052.61,0,0.852,21
588,-1053.2,0,0.852,30
589,1044.65,1,0.852,30
590,-1051.87,0,0.851,17
2047,-1060.68,0,0.431,108
591,-1051.55,0,0.851,20
2048,-1050.88,0,0.431,13
592,-2.33,0,0.851,28
2049,1048.07,1,0.431,28
593,-1050.1,0,0.851,5
594,-1051.81,0,0.851,16
595,-1052.39,0,0.85,24
596,-1051.61,0,0.85,16
2050,-1058.18,0,0.43,83
597,-1056.3,0,0.85,35
598,1048.31,1,0.85,14
2051,-1050.9,0,0.43,25
599,-1052.06,0,0.85,16
2052,-1051.25,0,0.429,15
600,-1053.09,0,0.849,29
2053,-1052.45,0,0.429,25
2054,-1050.78,0,0.429,8
601,-1052.02,0,0.849,22
602,-1051.87,0,0.849,22
603,-1051.0,0,0.849,10
604,-1050.69,0,0.849,14
2055,-1058.6,0,0.428,70
605,-1052.13,0,0.848,18
2056,-1054.29,0,0.428,19
606,-1053.08,0,0.848,33
607,-1051.65,0,0.848,15
2057,-1056.24,0,0.428,54
608,-1055.88,0,0.847,38
609,-1051.29,0,0.847,14
610,1045.83,1,0.847,37
2058,1038.58,1,0.427,97
2059,-1051.24,0,0.426,19
611,-1058.24,0,0.846,64
612,1048.73,1,0.846,12
2060,-1054.91,0,0.426,31
613,-1052.21,0,0.846,26
2061,-1055.62,0,0.426,42
614,-1055.22,0,0.845,47
615,-1054.75,0,0.845,30
616,-1051.07,0,0.845,12
2062,-1055.1,0,0.425,55
2063,-1051.9,0,0.425,25
617,1045.71,1,0.844,39
2064,-1053.77,0,0.424,42
618,1044.3,1,0.844,45
619,-1053.77,0,0.844,22
2065,-1054.27,0,0.424,47
620,-1052.51,0,0.843,26
621,-1051.34,0,0.843,14
622,-1052.5,0,0.843,20
2066,-1055.38,0,0.423,48
623,-1054.14,0,0.843,39
624,-1050.89,0,0.843,9
2067,-1056.4,0,0.423,50
625,-1056.4,0,0.842,20
626,-1050.82,0,0.842,12
2068,-1053.65,0,0.423,15
2069,-1051.85,0,0.422,15
2070,-1050.58,0,0.422,8
627,-1053.5,0,0.842,40
2071,-1052.12,0,0.422,27
2072,-1052.2,0,0.422,20
2073,-0.92,0,0.422,22
2074,-1051.83,0,0.421,18
2075,-1059.03,0,0.421,88
2076,1041.61,1,0.42,59
628,-1055.16,0,0.841,41
629,-1050.52,0,0.841,7
630,1046.2,1,0.841,30
631,-1052.84,0,0.841,29
632,-1054.26,0,0.84,36
633,-1050.88,0,0.84,13
634,-1055.62,0,0.84,32
635,-1051.23,0,0.84,13
636,-1050.6,0,0.84,15
637,1047.72,1,0.839,13
638,-1051.33,0,0.839,13
2077,-1058.72,0,0.419,52
639,-1051.38,0,0.839,13
640,-1052.93,0,0.839,28
2078,-1054.91,0,0.419,31
641,-1051.29,0,0.839,14
2079,-1052.57,0,0.419,27
642,-1053.27,0,0.838,32
643,-1052.43,0,0.838,18
2080,-1053.8,0,0.418,25
644,-1051.97,0,0.838,17
2081,-1051.66,0,0.418,21
645,-1054.72,0,0.838,37
2082,-1052.34,0,0.418,34
646,-1052.65,0,0.837,25
2083,-1051.45,0,0.418,20
2084,-1053.28,0,0.418,13
2085,-1052.38,0,0.417,28
647,-1061.21,0,0.837,76
2086,-1051.42,0,0.417,22
2087,-1051.67,0,0.417,22
648,-1052.51,0,0.836,26
649,-1052.97,0,0.836,27
2088,-1054.92,0,0.416,32
2089,-1052.89,0,0.416,19
2090,-1053.02,0,0.416,32
650,-1060.4,0,0.835,70
2091,-1053.38,0,0.416,38
651,-1055.37,0,0.835,42
652,-1051.6,0,0.835,20
2092,-1050.93,0,0.415,23
653,-1051.95,0,0.834,25
2093,-1054.96,0,0.415,36
654,1046.64,1,0.834,36
2094,-1050.68,0,0.415,18
655,1047.74,1,0.834,26
656,-1050.97,0,0.834,12
2095,-1053.08,0,0.414,38
657,-1052.02,0,0.833,17
2096,1048.22,1,0.414,23
658,-1053.95,0,0.833,40
2097,-1051.82,0,0.414,27
659,-1052.39,0,0.833,19
2098,-1050.54,0,0.414,9
660,-1053.14,0,0.832,29
661,-1050.42,0,0.832,7
662,1043.88,1,0.832,37
663,-1050.5,0,0.832,5
2099,-1060.02,0,0.413,92
2100,-1051.55,0,0.413,10
664,-1053.89,0,0.832,34
2101,-1050.6,0,0.413,5
665,-1052.94,0,0.831,29
666,-1050.44,0,0.831,4
667,-1052.82,0,0.831,22
2102,-1060.3,0,0.412,70
668,-1053.02,0,0.831,32
2103,-1052.64,0,0.412,14
669,-2.53,0,0.83,28
2104,-1051.16,0,0.411,16
670,1047.92,1,0.83,28
8
671,-1052.58,0,0.83,28
672,1048.3,1,0.83,10
2106,-1054.72,0,0.411,57
673,-1052.27,0,0.829,22
674,-1051.37,0,0.829,12
2107,1043.33,1,0.41,27
675,-1050.94,0,0.829,19
2108,-1052.26,0,0.41,21
676,-1053.74,0,0.829,29
2109,-1052.72,0,0.41,32
677,-1053.66,0,0.828,31
678,-3.04,0,0.828,34
679,-1056.09,0,0.828,49
680,-1052.63,0,0.827,13
2110,-1060.28,0,0.409,103
681,1045.29,1,0.827,46
2111,-1054.85,0,0.408,50
682,-1051.16,0,0.827,16
2112,-1050.8,0,0.408,15
683,-1054.17,0,0.826,32
684,-1051.46,0,0.826,16
685,-1051.02,0,0.826,12
2113,-1054.37,0,0.407,52
686,-1052.0,0,0.826,20
687,-1050.64,0,0.826,4
688,-1056.82,0,0.825,62
689,-1050.6,0,0.825,5
690,-1053.76,0,0.825,41
2114,-1071.79,0,0.406,154
691,-1055.83,0,0.824,48
692,-1052.06,0,0.824,21
693,-1054.36,0,0.824,26
2115,-1056.36,0,0.405,66
694,-1052.87,0,0.823,32
695,-1051.02,0,0.823,12
696,-1055.04,0,0.823,34
697,-1051.67,0,0.823,17
698,-1052.09,0,0.822,24
2116,-1062.84,0,0.404,114
699,-1051.85,0,0.822,15
2117,-1054.65,0,0.404,25
700,1048.81,1,0.822,14
701,-1052.96,0,0.822,26
2118,-1054.78,0,0.403,48
2119,-1051.1,0,0.403,10
2120,-1049.74,0,0.403,4
702,-1055.23,0,0.821,48
703,-1051.63,0,0.821,23
2121,-1053.61,0,0.403,36
2122,-1051.32,0,0.402,17
704,-1053.44,0,0.821,34
705,-1051.22,0,0.821,17
706,-1052.08,0,0.82,23
707,-1050.77,0,0.82,12
2123,-1057.09,0,0.402,69
708,-1052.06,0,0.82,21
709,-1050.93,0,0.82,13
2124,-1052.6,0,0.401,25
710,-1052.83,0,0.82,23
711,-1055.47,0,0.819,47
2125,-1058.12,0,0.401,62
712,-1050.49,0,0.819,9
2126,1047.86,1,0.401,19
713,-1053.67,0,0.819,32
714,-1053.39,0,0.818,24
715,-1050.81,0,0.818,6
716,-1053.39,0,0.818,29
2127,-1058.41,0,0.4,76
717,-1054.1,0,0.818,20
2128,-1051.99,0,0.4,19
718,1048.53,1,0.818,17
719,-1052.42,0,0.817,22
2129,-1052.29,0,0.399,34
2130,-1050.66,0,0.399,6
720,-1050.76,0,0.817,16
2131,-1050.62,0,0.399,7
721,-1050.88,0,0.817,8
722,-1051.13,0,0.817,13
2132,-1051.97,0,0.399,27
723,-1051.86,0,0.817,21
2133,-1051.22,0,0.399,17
724,-1054.48,0,0.817,33
2134,-1054.38,0,0.398,28
725,-1052.17,0,0.816,17
2135,-1051.86,0,0.398,26
726,-1052.54,0,0.816,24
727,-1051.65,0,0.816,15
728,-1052.79,0,0.816,24
2136,-1057.05,0,0.397,55
729,-1052.31,0,0.815,26
730,-1050.97,0,0.815,12
2137,-1054.61,0,0.397,46
731,-1053.99,0,0.815,34
732,-2.01,0,0.815,26
2138,-1056.74,0,0.396,69
733,1043.81,1,0.814,49
734,-1050.46,0,0.814,6
735,-1051.31,0,0.814,16
2139,-1051.79,0,0.396,24
2140,1049.7,1,0.396,15
736,-1053.58,0,0.814,33
737,-1050.94,0,0.813,9
738,-1050.95,0,0.813,10
739,-1051.47,0,0.813,12
2141,-1057.53,0,0.395,63
740,-1051.15,0,0.813,15
741,-1050.62,0,0.813,12
742,-1054.23,0,0.812,43
743,-1051.3,0,0.812,15
744,-1052.05,0,0.812,25
2142,-1072.81,0,0.394,126
745,-1054.49,0,0.812,44
2143,-1051.42,0,0.394,17
746,-1051.29,0,0.811,14
747,-1051.53,0,0.811,18
748,-1053.49,0,0.811,29
2144,-1057.01,0,0.393,51
2145,1048.08,1,0.393,22
749,-1053.6,0,0.811,35
750,-1052.46,0,0.81,21
751,-1051.94,0,0.81,19
2146,-1058.43,0,0.392,58
752,-1052.35,0,0.81,25
753,-1052.2,0,0.81,20
754,-1050.23,0,0.81,3
755,-1051.09,0,0.809,14
756,-1050.71,0,0.809,6
757,-1051.11,0,0.809,16
2147,-1063.01,0,0.391,106
758,-1052.59,0,0.809,29
2148,-1054.47,0,0.391,17
759,-1052.77,0,0.809,27
760,-1051.54,0,0.809,4
2149,-1051.97,0,0.391,22
761,-1051.52,0,0.808,17
2150,-1052.11,0,0.391,21
762,-1052.46,0,0.808,26
2151,-1053.81,0,0.39,26
2152,-1051.35,0,0.39,10
763,-1056.06,0,0.808,56
2153,-1055.71,0,0.39,26
764,-1050.93,0,0.808,8
765,-1050.18,0,0.807,3
766,1048.88,1,0.807,17
2154,-1053.77,0,0.39,32
767,-1051.02,0,0.807,12
2155,-1051.71,0,0.389,21
768,-1051.56,0,0.807,16
769,-1052.25,0,0.807,20
2156,-1051.51,0,0.389,21
2157,-1054.56,0,0.389,21
770,-1052.1,0,0.807,20
771,-1051.95,0,0.806,20
2158,1046.6,1,0.388,50
772,-1053.13,0,0.806,33
773,-1052.07,0,0.806,22
2159,-1053.6,0,0.388,35
774,-1051.65,0,0.806,20
775,-1051.33,0,0.805,13
2160,-1052.03,0,0.388,23
2161,-1051.86,0,0.388,16
776,-1051.48,0,0.805,18
777,-1051.57,0,0.805,17
2162,-1054.02,0,0.387,37
2163,-1052.84,0,0.387,34
778,-1058.38,0,0.804,73
2164,-1050.58,0,0.387,18
779,-1053.21,0,0.804,36
780,-1051.74,0,0.804,14
2165,-1053.7,0,0.386,40
781,-1051.01,0,0.804,11
782,-1053.99,0,0.803,44
2166,-1055.62,0,0.386,57
783,1046.06,1,0.803,29
2167,1048.25,1,0.385,20
2168,-1050.51,0,0.385,11
784,-1054.25,0,0.803,35
785,-1053.13,0,0.802,28
786,-1052.76,0,0.802,26
2169,-1058.15,0,0.385,65
787,1042.23,1,0.801,57
2170,-1055.61,0,0.384,51
788,-1051.41,0,0.801,21
2171,1045.88,1,0.384,47
2172,-1050.69,0,0.384,4
789,-1053.72,0,0.801,37
2173,1049.87,1,0.383,13
790,-1051.36,0,0.801,16
791,-1050.58,0,0.8,8
2174,-1052.01,0,0.383,26
792,-1053.29,0,0.8,34
2175,-1052.68,0,0.383,33
2176,-1051.25,0,0.383,10
793,-1055.22,0,0.8,47
794,-1050.84,0,0.799,14
795,-1051.48,0,0.799,18
796,-1051.89,0,0.799,19
797,-1052.14,0,0.799,19
798,-1051.22,0,0.799,12
799,-1.83,0,0.799,23
800,1047.92,1,0.798,23
801,-1051.43,0,0.798,23
2177,1022.13,1,0.381,182
2178,-1050.61,0,0.381,11
802,-1054.94,0,0.798,29
803,-1051.78,0,0.798,18
2179,-1051.76,0,0.38,21
2180,-1051.61,0,0.38,16
804,-1053.09,0,0.797,29
805,-1051.48,0,0.797,13
806,-1050.7,0,0.797,5
2181,-1054.83,0,0.38,28
807,-1051.11,0,0.797,11
2182,-1053.11,0,0.38,16
808,-1050.92,0,0.797,12
809,1049.46,1,0.797,9
2183,-1051.75,0,0.38,20
2184,-1054.57,0,0.379,32
810,-1053.45,0,0.796,45
811,-1051.32,0,0.796,17
2185,-1056.12,0,0.379,37
812,-1055.04,0,0.796,24
813,-1051.98,0,0.796,23
814,-1050.97,0,0.795,12
2186,-1057.26,0,0.378,51
815,-1053.42,0,0.795,37
2187,-1053.93,0,0.378,33
816,-1050.24,0,0.795,4
817,-1051.67,0,0.795,22
818,-1053.91,0,0.794,31
819,-1051.45,0,0.794,15
820,-1053.27,0,0.794,32
821,-1051.52,0,0.794,17
822,1048.49,1,0.794,16
823,-1050.2,0,0.794,5
2188,-1076.04,0,0.376,144
824,-1052.33,0,0.793,13
2189,-1051.59,0,0.376,24
825,-1051.78,0,0.793,18
826,-1052.23,0,0.793,13
2190,-1051.42,0,0.376,22
2191,-1051.61,0,0.376,26
827,1042.91,1,0.793,49
2192,-1052.55,0,0.375,20
828,1045.45,1,0.792,45
2193,-1054.53,0,0.375,53
829,-1052.91,0,0.792,31
2194,-1051.6,0,0.375,20
830,-1052.13,0,0.792,23
831,-1051.18,0,0.791,13
2195,-1053.14,0,0.374,34
832,-1051.71,0,0.791,16
833,-1053.48,0,0.791,38
2196,-1055.84,0,0.374,44
834,-1050.69,0,0.791,9
835,-1051.26,0,0.791,16
836,-1051.11,0,0.79,11
837,-1053.43,0,0.79,33
2197,-1055.53,0,0.373,58
838,-1050.77,0,0.79,12
2198,-1050.51,0,0.373,11
2199,-1051.1,0,0.373,25
839,-5.82,0,0.789,57
2200,-1052.12,0,0.373,27
840,-1051.66,0,0.789,21
2201,-1052.51,0,0.372,26
841,-1050.37,0,0.789,7
2202,-1052.65,0,0.372,30
2203,-1051.2,0,0.372,15
2204,-1050.5,0,0.372,20
2205,-1054.92,0,0.371,42
2206,-1051.62,0,0.371,17
2207,-1054.18,0,0.371,33
2208,-1053.72,0,0.37,42
2209,-1051.09,0,0.37,19
2210,-1053.91,0,0.37,26
2211,-1052.91,0,0.369,31
2212,-1054.86,0,0.369,46
2213,-1059.06,0,0.368,61
842,-1052.06,0,0.789,21
843,-1052.32,0,0.789,17
844,-1052.74,0,0.788,29
845,-1052.44,0,0.788,4
846,-1052.1,0,0.788,15
847,-1051.54,0,0.788,24
848,-1052.2,0,0.788,25
849,-1054.11,0,0.787,41
850,1044.55,1,0.787,40
851,-1051.95,0,0.787,15
852,-1052.61,0,0.786,26
853,-1051.39,0,0.786,14
854,-1052.51,0,0.786,31
855,-1056.08,0,0.785,43
856,-1053.7,0,0.785,35
857,-1052.22,0,0.785,17
858,-1051.0,0,0.785,15
859,-1052.32,0,0.784,22
860,-2.47,0,0.784,27
861,-1051.85,0,0.784,20
862,-1055.8,0,0.784,40
863,-1050.82,0,0.783,12
864,-1052.25,0,0.783,20
865,-1052.3,0,0.783,25
866,-1051.62,0,0.783,17
867,-1052.76,0,0.783,21
868,-1052.97,0,0.782,27
869,-1053.72,0,0.782,32
870,-1051.24,0,0.782,14
871,-1050.84,0,0.782,14
872,-1052.85,0,0.781,25
873,-1055.5,0,0.781,50
874,-1051.22,0,0.781,12
875,-1055.4,0,0.78,55
876,-1050.88,0,0.78,13
877,-1051.29,0,0.78,14
878,-1052.84,0,0.78,24
879,-1051.29,0,0.779,19
880,-1052.01,0,0.779,21
881,-1052.09,0,0.779,24
882,-1051.04,0,0.779,14
883,-1051.07,0,0.779,12
884,-1052.15,0,0.778,20
885,-1053.01,0,0.778,16
886,-1051.82,0,0.778,17
887,-1051.29,0,0.778,14
888,-1051.39,0,0.778,19
889,-1053.83,0,0.777,33
890,-1051.63,0,0.777,23
2214,-1106.06,0,0.365,316
891,-1051.07,0,0.777,17
2215,-1051.28,0,0.365,18
892,-1052.38,0,0.777,23
2216,-1051.44,0,0.365,19
893,-1053.93,0,0.776,38
894,-1051.75,0,0.776,15
2217,-1059.55,0,0.364,50
895,1044.3,1,0.776,40
896,-1052.72,0,0.775,27
897,-1050.95,0,0.775,10
898,-1.93,0,0.775,23
2218,1034.33,1,0.363,117
899,1042.02,1,0.774,68
900,-1051.53,0,0.774,18
2219,-1057.68,0,0.362,63
2220,-1052.89,0,0.362,9
901,-1051.64,0,0.774,19
902,-1053.02,0,0.774,37
2221,-1055.58,0,0.362,43
2222,-1050.28,0,0.362,3
903,1044.84,1,0.773,41
2223,-1054.25,0,0.361,40
904,-1051.67,0,0.773,17
905,-1054.23,0,0.773,38
906,-1052.98,0,0.772,33
907,-1051.77,0,0.772,17
908,-1051.53,0,0.772,13
909,-1051.12,0,0.772,12
910,-1053.19,0,0.771,29
911,-1051.89,0,0.771,19
912,-1.24,0,0.771,19
913,1047.13,1,0.771,22
914,1049.35,1,0.771,10
915,-1052.06,0,0.771,21
916,1047.12,1,0.77,28
917,1044.88,1,0.77,37
918,-1053.36,0,0.77,31
2224,982.75,1,0.357,350
919,-2.58,0,0.769,33
2225,-1054.51,0,0.357,26
920,-1050.84,0,0.769,19
2226,-1052.03,0,0.357,28
921,-1051.92,0,0.769,27
922,-1051.71,0,0.768,26
2227,-1056.26,0,0.356,46
923,-1052.18,0,0.768,23
924,-1051.43,0,0.768,23
2228,-1054.46,0,0.356,36
925,-1053.09,0,0.768,19
926,-1050.56,0,0.768,11
2229,-1054.3,0,0.356,30
927,-1052.96,0,0.767,26
928,-1050.21,0,0.767,6
929,-1050.69,0,0.767,4
930,-1051.04,0,0.767,19
931,-1051.29,0,0.767,14
932,-1050.98,0,0.767,8
2230,1038.94,1,0.355,86
933,-1051.83,0,0.767,18
934,-1053.33,0,0.766,23
2231,-1053.58,0,0.354,38
935,-1051.64,0,0.766,19
936,-1051.16,0,0.766,11
2232,1046.97,1,0.354,28
937,-1053.0,0,0.766,25
938,-1052.4,0,0.766,20
2233,-1056.22,0,0.353,62
939,-1054.37,0,0.765,47
2234,1045.83,1,0.353,37
940,-1053.08,0,0.765,28
2235,-1053.13,0,0.353,38
2236,1048.91,1,0.352,14
941,-1056.71,0,0.764,56
942,-1051.81,0,0.764,16
2237,-1053.04,0,0.352,24
943,-1052.66,0,0.764,26
944,-1052.7,0,0.763,30
945,-1050.4,0,0.763,5
946,-1050.97,0,0.763,12
947,-1055.21,0,0.763,51
948,-1050.6,0,0.763,10
2238,-1076.83,0,0.351,133
2239,-1054.89,0,0.351,24
949,-1054.14,0,0.762,34
950,-1051.17,0,0.762,12
951,-1051.88,0,0.762,13
952,-1050.74,0,0.762,9
2240,-1053.22,0,0.35,52
953,-1051.59,0,0.762,14
954,-1051.83,0,0.762,13
2241,-1050.72,0,0.35,17
955,-1051.35,0,0.761,20
956,-1053.36,0,0.761,36
957,-1054.38,0,0.761,38
2242,-1074.37,0,0.349,97
958,-1052.38,0,0.76,28
2243,-1055.64,0,0.348,29
2244,-1050.9,0,0.348,15
959,-1054.98,0,0.76,53
2245,-1054.93,0,0.348,38
960,-1052.36,0,0.759,26
961,-1051.52,0,0.759,12
2246,-1052.98,0,0.348,23
962,-1050.93,0,0.759,13
963,-1054.56,0,0.759,46
2247,-1055.89,0,0.347,59
964,-1051.11,0,0.759,11
965,-1050.79,0,0.759,9
966,-1051.75,0,0.758,20
967,-1050.48,0,0.758,8

968,-1050.65,0,0.758,10
969,-1050.55,0,0.758,5
2249,-1054.77,0,0.346,32
970,-1051.78,0,0.758,28
2250,-1051.37,0,0.346,17
971,-2.21,0,0.757,26
972,-1051.64,0,0.757,24
973,-1052.78,0,0.757,33
974,-1050.72,0,0.757,12
2251,-1067.75,0,0.345,110
975,-1052.75,0,0.756,30
976,-1052.03,0,0.756,23
2252,-1052.09,0,0.345,24
977,-1052.09,0,0.756,14
978,-1052.09,0,0.756,29
2253,1047.51,1,0.344,44
979,1046.18,1,0.755,42
2254,-1061.05,0,0.343,65
980,-1053.02,0,0.755,37
981,-1052.44,0,0.755,19
2255,-1059.09,0,0.343,39
982,-1052.25,0,0.754,30
2256,-1057.84,0,0.343,44
983,-1051.64,0,0.754,19
984,-1052.51,0,0.754,26
985,-1052.17,0,0.754,27
986,-1054.52,0,0.753,37
987,-1050.92,0,0.753,12
988,-1050.49,0,0.753,4
989,-1051.52,0,0.753,17
990,-1050.71,0,0.753,6
991,-1052.96,0,0.753,21
2257,996.81,1,0.341,169
992,-1052.36,0,0.752,31
993,-1051.34,0,0.752,14
2258,-1056.49,0,0.34,44
2259,-1053.92,0,0.34,27
994,-1056.09,0,0.752,39
995,-1053.09,0,0.751,29
2260,-1057.54,0,0.34,39
996,-1051.58,0,0.751,18
997,-1056.58,0,0.751,58
2261,1034.95,1,0.339,65
998,-1051.05,0,0.751,10
999,-1053.12,0,0.75,32
1000,-1051.34,0,0.75,14
2262,-1054.82,0,0.338,42
1001,-1053.1,0,0.75,25
2263,-1053.79,0,0.338,34
1002,1047.67,1,0.75,23
1003,-1051.17,0,0.749,17
1004,1048.68,1,0.749,12
1005,-1051.83,0,0.749,18
1006,-1053.53,0,0.749,28
2264,-1060.9,0,0.337,80
1007,-1050.34,0,0.749,9
1008,-1050.04,0,0.749,4
1009,-1050.04,0,0.749,4
2265,-1053.93,0,0.337,23
2266,-1050.27,0,0.337,7
1010,-1052.7,0,0.748,25
1011,-1051.68,0,0.748,18
1012,-1051.35,0,0.748,10
1013,-1051.83,0,0.748,23
1014,-1052.11,0,0.748,16
2267,-1067.67,0,0.336,87
1015,-1052.69,0,0.747,24
1016,-1050.64,0,0.747,9
1017,-1051.65,0,0.747,20
1018,-1050.83,0,0.747,13
1019,-1051.77,0,0.747,17
1020,1049.1,1,0.747,15
1021,-1052.53,0,0.746,28
1022,-1052.25,0,0.746,25
1023,-1050.99,0,0.746,9
2268,-1069.58,0,0.334,153
1024,-1052.23,0,0.746,23
2269,-1054.48,0,0.334,53
1025,-1056.57,0,0.745,62
1026,-1051.71,0,0.745,16
2270,-1054.64,0,0.333,44
1027,-1052.31,0,0.745,21
1028,-1053.97,0,0.744,42
1029,-1051.97,0,0.744,17
1030,-1050.86,0,0.744,11
2271,-1075.75,0,0.332,120
1031,-1053.29,0,0.743,34
1032,-1051.43,0,0.743,18
1033,-1051.65,0,0.743,20
2272,-1057.15,0,0.331,65
2273,-0.64,0,0.331,4
1034,-1055.06,0,0.743,41
1035,-1052.1,0,0.742,25
1036,-1051.56,0,0.742,16
1037,-1050.8,0,0.742,5
1038,-1053.07,0,0.742,32
1039,-1050.54,0,0.742,9
2274,-1065.73,0,0.33,118
1040,-1051.39,0,0.742,19
1041,-1051.24,0,0.741,14
1042,-1050.86,0,0.741,11
1043,-1053.84,0,0.741,34
2275,-1079.81,0,0.329,111
1044,-1052.91,0,0.741,36
1045,-1052.73,0,0.74,23
1046,-1051.32,0,0.74,12
1047,-1051.8,0,0.74,20
1048,-1050.97,0,0.74,12
2276,-1058.4,0,0.328,65
1049,-1052.72,0,0.74,27
1050,-1053.26,0,0.739,31
1051,-1050.34,0,0.739,4
2277,-1059.62,0,0.328,62
2278,-1050.72,0,0.328,7
1052,-1051.53,0,0.739,13
2279,-1050.71,0,0.327,11
1053,-1050.82,0,0.739,12
1054,-1052.02,0,0.739,22
2280,-1054.52,0,0.327,27
1055,-1050.87,0,0.738,22
2281,-1055.79,0,0.327,29
1056,-1054.69,0,0.738,34
1057,-1052.44,0,0.738,24
1058,1045.94,1,0.737,36
1059,-1050.75,0,0.737,10
2282,-1064.3,0,0.326,100
1060,1047.46,1,0.737,24
2283,-1054.03,0,0.326,23
1061,-1052.29,0,0.737,19
1062,-1053.06,0,0.737,26
1063,-1050.93,0,0.736,13
2284,-1063.58,0,0.325,88
2285,1048.8,1,0.324,20
2286,-1076.18,0,0.323,138
2287,-1111.58,0,0.319,358
2288,-1066.8,0,0.318,110
2289,-1094.85,0,0.315,250
1064,1046.23,1,0.736,42
1065,-1051.38,0,0.736,18
1066,-1051.76,0,0.736,16
2290,-1059.28,0,0.315,48
1067,-1051.68,0,0.735,23
2291,-1051.61,0,0.315,21
1068,-1051.01,0,0.735,11
1069,-1051.08,0,0.735,13
1070,-0.85,0,0.735,10
2292,-1056.92,0,0.314,57
1071,-1052.23,0,0.735,23
2293,-1052.87,0,0.314,12
1072,-1051.52,0,0.735,17
1073,-1052.78,0,0.734,33
1074,-1052.31,0,0.734,26
1075,-1052.26,0,0.734,21
1076,-1051.23,0,0.734,18
1077,-1051.72,0,0.733,17
1078,1048.37,1,0.733,18
1079,-1050.85,0,0.733,15
1080,-1050.72,0,0.733,12
1081,-1052.55,0,0.733,25
1082,-1055.26,0,0.732,51
1083,-1054.01,0,0.732,36
1084,-1052.23,0,0.732,28
1085,-1050.92,0,0.731,7
1086,-1051.44,0,0.731,14
1087,-1051.37,0,0.731,17
1088,-1054.69,0,0.731,49
1089,-1050.38,0,0.73,8
1090,-1053.09,0,0.73,34
1091,-1050.44,0,0.73,4
1092,1047.21,1,0.73,34
1093,-1053.64,0,0.729,34
1094,-1050.58,0,0.729,8
1095,-1052.18,0,0.729,18
1096,-1052.32,0,0.729,12
1097,-1051.33,0,0.729,18
1098,-1051.13,0,0.729,13
1099,1047.53,1,0.728,27
1100,-1053.7,0,0.728,40
1101,-1050.8,0,0.728,10
1102,-1052.2,0,0.728,20
1103,-1051.85,0,0.727,20
1104,-1051.53,0,0.727,18
1105,-1051.15,0,0.727,10
1106,-1053.85,0,0.727,40
1107,-1051.27,0,0.727,12
1108,1048.44,1,0.726,16
1109,-1051.17,0,0.726,12
1110,-1051.86,0,0.726,21
1111,-1052.01,0,0.726,21
2294,-1056.29,0,0.314,39
1112,1048.46,1,0.726,24
1113,-1050.76,0,0.725,11
1114,1048.9,1,0.725,15
2295,1045.2,1,0.313,45
1115,-1052.0,0,0.725,25
2296,-1055.52,0,0.313,32
1116,-1054.03,0,0.725,33
2297,-1054.22,0,0.313,17
1117,1047.62,1,0.724,23
2298,-1053.98,0,0.312,28
2299,-1053.76,0,0.312,21
1118,-1051.82,0,0.724,22
1119,-1050.57,0,0.724,7
1120,-1053.14,0,0.724,19
1121,-1050.81,0,0.724,6
1122,-1052.69,0,0.724,24
1123,-1052.11,0,0.723,21
1124,-1051.1,0,0.723,10
2300,-1073.1,0,0.311,120
1125,-1053.03,0,0.723,33
2301,-1050.93,0,0.311,13
1126,-1051.22,0,0.723,12
1127,-1056.94,0,0.722,44
1128,-1050.61,0,0.722,11
1129,-1050.54,0,0.722,4
1130,-1051.29,0,0.722,14
1131,-1053.26,0,0.722,36
2302,-1065.55,0,0.309,130
1132,-1052.55,0,0.721,20
1133,-1051.84,0,0.721,19
2303,-1053.59,0,0.309,29
1134,-1052.96,0,0.721,31
1135,-1052.49,0,0.721,29
1136,-1051.9,0,0.72,15
2304,-1062.87,0,0.308,82
1137,1046.0,1,0.72,35
2305,-1052.97,0,0.308,22
1138,-1051.82,0,0.72,17
2306,-1051.47,0,0.308,22
2307,-1054.48,0,0.307,28
1139,1045.48,1,0.719,47
1140,-1051.33,0,0.719,13
2308,-1054.4,0,0.307,30
1141,-1053.1,0,0.719,30
2309,-1051.81,0,0.307,21
1142,-1051.38,0,0.719,13
2310,-1053.97,0,0.306,42
1143,-1052.21,0,0.719,26
1144,-1052.09,0,0.718,29
2311,-1053.63,0,0.306,38
1145,-1051.81,0,0.718,21
1146,-1051.53,0,0.718,13
2312,-1055.0,0,0.305,55
1147,1045.1,1,0.718,35
1148,-0.45,0,0.717,10
1149,-1051.0,0,0.717,15
2313,-1061.09,0,0.305,49
2314,-1050.68,0,0.305,13
1150,-1053.37,0,0.717,32
1151,-1051.78,0,0.717,18
2315,-1054.47,0,0.304,42
1152,-1051.18,0,0.717,13
1153,-0.19,0,0.716,14
1154,1047.67,1,0.716,28
1155,-1052.23,0,0.716,23
1156,-1052.71,0,0.716,31
1157,-1052.57,0,0.715,32
1158,-1050.26,0,0.715,6
1159,1047.16,1,0.715,24
1160,-1052.4,0,0.715,25
2316,-1090.04,0,0.302,204
1161,-1053.35,0,0.714,30
1162,-1051.93,0,0.714,23
2317,-1055.27,0,0.302,37
1163,-1050.86,0,0.714,11
2318,-1053.28,0,0.302,18
1164,-1053.39,0,0.714,29
2319,-1051.6,0,0.301,30
1165,-1053.88,0,0.713,33
2320,-1051.74,0,0.301,24
1166,-1051.2,0,0.713,20
2321,-1054.98,0,0.301,18
1167,-1052.14,0,0.713,19
1168,-1050.6,0,0.713,5
1169,-1051.02,0,0.713,17
1170,-1052.69,0,0.713,19
2322,-1059.54,0,0.3,69
1171,-1052.36,0,0.712,26
1172,-1052.67,0,0.712,27
1173,-1051.63,0,0.712,13
1174,-1050.77,0,0.712,7
1175,-1051.92,0,0.711,27
2323,-1063.16,0,0.299,101
1176,-1052.6,0,0.711,20
1177,-1052.91,0,0.711,31
1178,1049.37,1,0.711,8
1179,-1052.39,0,0.711,24
2324,-1061.14,0,0.298,69
1180,-1050.53,0,0.71,13
1181,-1051.51,0,0.71,16
1182,-1051.62,0,0.71,22
1183,-1051.84,0,0.71,19
1184,-1050.86,0,0.71,11
1185,-2.17,0,0.709,27
1186,-1052.05,0,0.709,20
1187,-1052.75,0,0.709,25
1188,-1050.57,0,0.709,7
1189,-1051.45,0,0.709,15
1190,-1050.9,0,0.709,10
2325,-1083.68,0,0.296,198
2326,1049.51,1,0.296,4
1191,-2.53,0,0.708,28
1192,-1051.14,0,0.708,14
1193,-1053.65,0,0.708,35
1194,-1052.45,0,0.708,20
1195,-1052.43,0,0.707,28
1196,-1051.6,0,0.707,20
1197,1049.16,1,0.707,14
1198,-1051.68,0,0.707,13
2327,991.43,1,0.294,172
1199,-1051.44,0,0.707,14
1200,-1052.06,0,0.706,21
1201,-1051.6,0,0.706,15
1202,-1051.69,0,0.706,19
2328,-1060.19,0,0.293,74
1203,-1053.76,0,0.706,36
2329,-1054.28,0,0.293,38
1204,-1050.96,0,0.706,16
1205,-1050.94,0,0.705,14
2330,-1052.97,0,0.293,37
1206,-2.06,0,0.705,26
1207,-1051.57,0,0.705,17
1208,-1051.35,0,0.705,15
2331,-1055.25,0,0.292,45
1209,-1051.21,0,0.705,11
2332,-1050.93,0,0.292,8
1210,-1050.93,0,0.704,13
2333,-1055.83,0,0.292,43
1211,-1054.42,0,0.704,42
1212,-1055.51,0,0.704,46
1213,1046.99,1,0.703,31
1214,-1051.65,0,0.703,20
1215,-1050.78,0,0.703,13
1216,-1050.61,0,0.703,6
1217,-1051.93,0,0.703,18
2334,-1077.05,0,0.29,155
1218,1048.34,1,0.702,16
2335,-1054.23,0,0.29,43
1219,-1052.92,0,0.702,37
2336,-1054.54,0,0.289,29
1220,-1053.33,0,0.702,28
1221,-1055.42,0,0.702,22
2337,-1054.14,0,0.289,34
1222,-1051.54,0,0.701,14
1223,-1052.58,0,0.701,28
2338,-1053.02,0,0.289,27
1224,-1050.53,0,0.701,3
2339,-1051.67,0,0.288,22
1225,-1054.07,0,0.701,42
2340,-1054.89,0,0.288,44
1226,-1052.12,0,0.7,22
2341,-1052.3,0,0.288,10
1227,-1051.69,0,0.7,19
2342,-1052.09,0,0.288,29
1228,-1052.42,0,0.7,22
1229,-1050.69,0,0.7,9
1230,-1051.19,0,0.7,14
2343,-1057.11,0,0.287,36
1231,-1051.02,0,0.7,12
1232,-1051.18,0,0.699,13
2344,-1055.04,0,0.287,34
1233,-1053.49,0,0.699,34
2345,-1051.8,0,0.287,20
1234,-1052.65,0,0.699,10
2346,-1054.72,0,0.286,27
2347,-1055.67,0,0.286,32
1235,-1059.62,0,0.698,62
1236,-1053.15,0,0.698,35
2348,-1053.03,0,0.286,43
1237,-1055.33,0,0.697,48
1238,-1050.3,0,0.697,5
2349,-1060.3,0,0.285,75
1239,-1054.58,0,0.697,38
1240,-1050.16,0,0.697,6
1241,-1051.45,0,0.697,15
2350,-1056.9,0,0.284,45
1242,-1051.53,0,0.697,13
2351,-1053.06,0,0.284,21
1243,-1052.12,0,0.696,27
2352,-1054.78,0,0.284,23
1244,-1057.59,0,0.696,39
2353,-1052.91,0,0.283,36
2354,-1052.47,0,0.283,22
1245,-1052.96,0,0.696,26
2355,-1051.75,0,0.283,15
1246,-1054.32,0,0.695,42
2356,-1053.34,0,0.283,24
1247,-1053.15,0,0.695,20
2357,-1056.35,0,0.283,25
1248,1049.0,1,0.695,15
2358,-1057.15,0,0.282,25
1249,1046.7,1,0.695,30
1250,-1052.11,0,0.694,16
1251,-1051.36,0,0.694,11
1252,-1052.11,0,0.694,16
1253,1049.05,1,0.694,15
1254,-1049.99,0,0.694,4
1255,-1054.29,0,0.693,44
1256,-1053.38,0,0.693,28
1257,-1051.67,0,0.693,22
1258,-1051.98,0,0.693,23
1259,-1054.25,0,0.692,40
1260,-1050.87,0,0.692,7
1261,-1050.6,0,0.692,10
1262,-1051.31,0,0.692,11
1263,-1051.29,0,0.692,14
1264,-1051.53,0,0.692,18
2359,-1132.04,0,0.279,304
1265,-1052.04,0,0.691,19
1266,-1053.63,0,0.691,33
2360,-1054.67,0,0.279,37
1267,-1051.0,0,0.691,10
1268,-1052.05,0,0.691,20
2361,-1055.46,0,0.278,36
1269,-1054.95,0,0.69,45
2362,-1056.41,0,0.278,46
1270,-1052.3,0,0.69,30
1271,-1050.68,0,0.69,8
2363,-1055.06,0,0.277,31
1272,-1051.67,0,0.69,22
1273,-1051.44,0,0.689,19
1274,-1053.6,0,0.689,35
1275,-1051.08,0,0.689,18
1276,-1052.0,0,0.689,20
1277,-1055.1,0,0.688,40
1278,-1050.98,0,0.688,8
1279,-1050.17,0,0.688,7
2364,1022.28,1,0.276,182
2365,-1050.76,0,0.275,6
1280,-1053.48,0,0.688,28
2366,-1053.79,0,0.275,34
1281,-1051.96,0,0.688,21
1282,-1052.04,0,0.687,14
2367,-1054.01,0,0.275,31
1283,1047.41,1,0.687,29
1284,-1053.73,0,0.687,33
1285,-1052.23,0,0.686,33
2368,-1061.64,0,0.274,89
1286,-1052.37,0,0.686,27
2369,-1056.87,0,0.273,32
1287,1047.11,1,0.686,34
2370,-1053.0,0,0.273,30
1288,-1055.58,0,0.685,43
2371,-1062.37,0,0.272,77
1289,-1056.1,0,0.685,50
1290,-1053.49,0,0.684,49
1291,-1057.32,0,0.684,62
1292,-1052.11,0,0.683,21
2372,-1087.18,0,0.27,233
2373,1041.3,1,0.269,60
2374,-1054.16,0,0.269,41
2375,-1059.08,0,0.268,68
2376,-1053.43,0,0.268,18
2377,-1051.61,0,0.268,26
2378,-1054.66,0,0.267,41
2379,-1056.68,0,0.267,48
2380,-1051.72,0,0.266,27
2381,-1055.97,0,0.266,27
2382,-1053.39,0,0.266,29
2383,-1054.84,0,0.265,39
2384,-1070.79,0,0.264,144
2385,-1054.87,0,0.263,42
2386,-1056.88,0,0.263,38
2387,-1053.49,0,0.263,29
2388,-1053.54,0,0.263,24
2389,-1055.27,0,0.262,32
1293,1048.56,1,0.683,14
2390,-1052.17,0,0.262,27
1294,1046.64,1,0.683,31
2391,-1055.29,0,0.261,39
2392,-1051.62,0,0.261,17
1295,-1054.84,0,0.682,44
1296,-1051.48,0,0.682,18
1297,-1051.68,0,0.682,18
1298,-1052.68,0,0.682,23
1299,-1051.4,0,0.682,15
1300,-1051.93,0,0.681,18
1301,-1051.34,0,0.681,14
1302,-1052.49,0,0.681,19
1303,-1053.91,0,0.681,41
1304,-1051.89,0,0.681,19
1305,1047.87,1,0.68,23
1306,1048.2,1,0.68,20
1307,-1054.43,0,0.68,43
1308,-1052.88,0,0.679,28
1309,-1052.02,0,0.679,22
1310,-1051.94,0,0.679,9
1311,-1053.13,0,0.679,33
1312,-1054.81,0,0.678,51
1313,-1051.92,0,0.678,17
1314,-1052.2,0,0.678,25
1315,-1050.66,0,0.678,6
1316,-1050.36,0,0.677,11
1317,-1051.33,0,0.677,13
1318,-1052.15,0,0.677,20
1319,-1053.18,0,0.677,28
1320,-1053.45,0,0.676,30
1321,-1051.4,0,0.676,20
1322,1048.32,1,0.676,23
1323,1048.25,1,0.676,30
1324,-1051.63,0,0.676,18
1325,-1052.07,0,0.675,22
1326,-1051.41,0,0.675,16
1327,-1051.16,0,0.675,16
1328,-1051.09,0,0.675,14
1329,-1051.47,0,0.675,12
1330,-1052.08,0,0.674,23
1331,-1051.82,0,0.674,17
1332,-1052.59,0,0.674,24
2393,-1058.36,0,0.261,51
2394,-1051.99,0,0.261,14
1333,-1056.83,0,0.673,53
2395,-1050.43,0,0.261,3
1334,1047.67,1,0.673,23
1335,-1052.01,0,0.673,16
2396,-1053.52,0,0.26,32
1336,-1054.3,0,0.673,45
1337,-1052.44,0,0.672,29
1338,-1052.07,0,0.672,22
1339,-3.44,0,0.672,39
2397,-1074.13,0,0.259,153
1340,-1051.25,0,0.671,15
1341,-0.71,0,0.671,11
1342,-1050.89,0,0.671,9
2398,-1052.47,0,0.258,27
1343,-1050.33,0,0.671,13
2399,-1051.83,0,0.258,23
1344,-1052.99,0,0.671,29
1345,1049.01,1,0.671,19
2400,-1053.9,0,0.258,35
1346,-1051.5,0,0.67,15
1347,-1052.72,0,0.67,32
1348,-1051.65,0,0.67,15
1349,-1051.92,0,0.67,22
1350,-1052.87,0,0.669,22
1351,-1053.12,0,0.669,32
1352,-1051.54,0,0.669,19
1353,-1053.15,0,0.669,35
1354,-1052.55,0,0.668,25
1355,-1053.44,0,0.668,34
1356,-1057.65,0,0.667,65
1357,-1050.24,0,0.667,4
1358,-1055.52,0,0.667,52
2401,-1105.89,0,0.254,364
2402,-1051.97,0,0.254,17
1359,1048.43,1,0.666,22
2403,-1052.9,0,0.254,20
1360,-1053.98,0,0.666,38
2404,-1051.55,0,0.253,15
1361,-1051.49,0,0.666,14
2405,-1055.79,0,0.253,39
1362,-1053.4,0,0.666,35
1363,-1052.92,0,0.665,32
1364,-1050.45,0,0.665,5
1365,-1051.49,0,0.665,14
1366,-1052.53,0,0.665,28
1367,-1051.32,0,0.665,12
1368,1047.3,1,0.664,30
1369,-1058.63,0,0.664,68
1370,-1052.33,0,0.663,23
1371,-1051.15,0,0.663,15
1372,-1051.53,0,0.663,18
1373,-1052.12,0,0.663,22
2406,-1098.28,0,0.25,273
2407,-1053.2,0,0.25,25
1374,1047.1,1,0.662,30
1375,-1052.27,0,0.662,27
1376,-1051.0,0,0.662,15
1377,-1051.6,0,0.662,20
1378,-1050.84,0,0.662,9
1379,-1051.01,0,0.662,11
1380,-1054.21,0,0.661,41
1381,-1054.25,0,0.661,30
1382,-1050.09,0,0.661,4
1383,-1051.84,0,0.66,24
1384,1044.5,1,0.66,55
1385,-1052.14,0,0.66,29
1386,-1051.28,0,0.659,13
1387,1048.72,1,0.659,18
1388,-1054.04,0,0.659,39
1389,-1050.87,0,0.659,12
1390,-1053.79,0,0.658,39
1391,-1050.9,0,0.658,10
1392,-1052.23,0,0.658,23
1393,-1052.3,0,0.658,20
1394,-1053.44,0,0.657,34
2408,966.8,1,0.244,515
1395,-1053.61,0,0.657,31
2409,-1050.97,0,0.244,17
2410,-1050.52,0,0.244,12
2411,-1053.21,0,0.244,16
1396,1035.96,1,0.656,74
2412,-1055.37,0,0.243,42
1397,-1051.06,0,0.656,11
2413,-1051.5,0,0.243,25
1398,-1053.67,0,0.656,32
1399,-1052.32,0,0.656,27
1400,-1055.06,0,0.655,41
1401,-1051.27,0,0.655,12
1402,-1055.22,0,0.655,32
2414,-1062.8,0,0.242,120
1403,-1051.83,0,0.654,18
1404,-1051.18,0,0.654,18
2415,-1055.44,0,0.241,44
2416,-1051.46,0,0.241,11
2417,-1051.13,0,0.241,18
1405,-1055.02,0,0.654,47
2418,-1050.55,0,0.241,5
1406,-1056.12,0,0.653,37
1407,-1052.09,0,0.653,24
1408,-1054.96,0,0.653,41
2419,-1074.22,0,0.24,112
1409,-1051.69,0,0.653,19
2420,-1050.52,0,0.24,12
1410,1046.04,1,0.652,31
2421,-1053.78,0,0.239,43
1411,-1055.34,0,0.652,49
2422,-1054.17,0,0.239,27
1412,-1052.83,0,0.651,28
2423,-1053.92,0,0.239,32
1413,-1051.02,0,0.651,12
1414,-1051.14,0,0.651,14
1415,-1053.95,0,0.651,40
1416,-1051.3,0,0.651,15
2424,-1063.01,0,0.238,106
1417,-1055.72,0,0.65,37
1418,-1052.94,0,0.65,29
2425,-1054.18,0,0.237,48
2426,-1054.97,0,0.237,37
1419,-1058.05,0,0.649,60
2427,-1054.06,0,0.236,31
1420,-1050.87,0,0.649,12
1421,-1051.96,0,0.649,21
2428,-1054.59,0,0.236,29
1422,1046.5,1,0.649,30
1423,-1051.0,0,0.648,10
2429,-1055.05,0,0.236,50
1424,-1053.74,0,0.648,44
1425,-1054.94,0,0.647,44
1426,-1049.79,0,0.647,4
1427,-1054.07,0,0.647,37
2430,-1077.91,0,0.234,126
1428,1047.94,1,0.647,21
1429,1049.47,1,0.647,8
1430,-1054.58,0,0.646,38
1431,-1053.36,0,0.646,36
1432,-1054.82,0,0.646,42
1433,-1051.74,0,0.645,19
1434,-1054.93,0,0.645,43
1435,-1054.32,0,0.645,22
1436,-1053.56,0,0.644,41
1437,-1053.07,0,0.644,27
1438,-1053.05,0,0.644,35
1439,-1050.6,0,0.643,10
1440,-1052.48,0,0.643,28
1441,-1054.76,0,0.643,51
1442,1046.89,1,0.642,31
1443,-1051.65,0,0.642,15
1444,-3.64,0,0.642,39
1445,-1051.66,0,0.642,16
1446,-1051.79,0,0.641,24
1447,-1053.81,0,0.641,36
1448,-1053.5,0,0.641,20
1449,-1051.42,0,0.641,12
1450,-1052.1,0,0.64,20
1451,-1054.22,0,0.64,37
2431,-1180.64,0,0.227,679
2432,-1053.97,0,0.227,22
1452,-1058.45,0,0.639,50
2433,-1055.08,0,0.226,43
1453,-1054.23,0,0.639,38
2434,-1051.55,0,0.226,20
1454,-1054.04,0,0.639,34
1455,-1050.55,0,0.639,10
2435,-1057.0,0,0.226,40
1456,-1053.03,0,0.638,28
2436,-1051.54,0,0.225,19
1457,-1051.13,0,0.638,13
1458,-1050.84,0,0.638,9
1459,-1050.14,0,0.638,4
2437,-1053.73,0,0.225,18
1460,-1052.03,0,0.638,23
2438,-1056.45,0,0.225,35
1461,-1053.36,0,0.637,26
2439,-1051.57,0,0.225,22
1462,-1052.66,0,0.637,31
2440,-1054.38,0,0.224,33
2441,-1052.16,0,0.224,21
1463,1045.15,1,0.637,40
1464,-1052.81,0,0.636,36
1465,-1052.31,0,0.636,26
1466,1048.9,1,0.636,15
1467,-1051.83,0,0.636,23
1468,-1054.4,0,0.635,55
1469,-1052.19,0,0.635,29
1470,-1051.72,0,0.635,17
1471,-1051.47,0,0.634,17
1472,-1052.63,0,0.634,28
1473,-1050.75,0,0.634,15
1474,-1050.98,0,0.634,8
1475,1046.65,1,0.634,30
1476,1048.57,1,0.633,23
1477,-1050.93,0,0.633,13
1478,-1052.74,0,0.633,29
1479,-1051.64,0,0.633,19
1480,-1054.62,0,0.632,32
1481,-1052.38,0,0.632,18
2442,-1144.32,0,0.219,477
1482,-1052.41,0,0.632,26
1483,-1051.22,0,0.632,12
2443,-1056.38,0,0.219,28
1484,1040.75,1,0.631,70
1485,-2.3,0,0.631,25
2444,-1076.07,0,0.217,192
2445,-1052.75,0,0.216,35
2446,1043.37,1,0.216,63
2447,-1051.8,0,0.215,25
2448,1048.22,1,0.215,18
2449,-1050.84,0,0.215,14
2450,-1053.62,0,0.215,17
2451,-1104.4,0,0.212,255
2452,-1050.97,0,0.212,12
2453,-1051.79,0,0.212,19
2454,-1051.02,0,0.212,17
2455,-1051.7,0,0.212,20
2456,-1050.89,0,0.211,14
2457,-1055.47,0,0.211,32
1486,-1051.34,0,0.631,24
1487,1048.26,1,0.63,24
1488,-1055.32,0,0.63,47
1489,-1052.71,0,0.629,31
1490,-1051.49,0,0.629,24
1491,-1052.01,0,0.629,21
1492,1047.46,1,0.629,24
1493,-1053.17,0,0.628,27
1494,-1051.98,0,0.628,23
1495,1048.87,1,0.628,13
1496,-1052.8,0,0.628,35
1497,-1052.8,0,0.627,35
1498,-1052.2,0,0.627,20
1499,1048.14,1,0.627,16
1500,-1051.5,0,0.627,15
1501,-1052.99,0,0.627,24
1502,-1053.59,0,0.626,29
1503,-1054.51,0,0.626,36
1504,-1051.42,0,0.626,7
1505,-1054.66,0,0.625,41
1506,-1050.55,0,0.625,10
1507,-1050.89,0,0.625,19
1508,1047.35,1,0.625,25
1509,-1053.99,0,0.624,39
1510,-1052.88,0,0.624,13
1511,-1051.78,0,0.624,18
1512,-1051.43,0,0.624,18
1513,-1052.21,0,0.624,21
1514,-1053.33,0,0.623,33
1515,-1053.1,0,0.623,20
1516,-1053.45,0,0.623,30
1517,-1053.48,0,0.622,23
1518,-1052.81,0,0.622,31
1519,-1052.79,0,0.622,29
1520,-2.05,0,0.622,20
1521,-1052.66,0,0.621,31
1522,-1051.69,0,0.621,29
2458,1014.07,1,0.208,293
2459,-1050.6,0,0.208,10
1523,-1052.65,0,0.621,25
2460,-1053.6,0,0.208,15
2461,-1052.71,0,0.207,21
1524,-1054.08,0,0.621,23
2462,-1051.46,0,0.207,21
1525,-1052.63,0,0.62,28
2463,-1052.0,0,0.207,25
1526,-1052.36,0,0.62,21
1527,-1050.18,0,0.62,8
2464,-1051.4,0,0.207,15
1528,-1052.14,0,0.62,14
1529,-1052.35,0,0.619,25
2465,-1054.05,0,0.206,35
1530,-1051.0,0,0.619,15
1531,-1055.84,0,0.619,44
1532,1046.56,1,0.619,29
1533,-1050.54,0,0.619,4
1534,-1056.97,0,0.618,47
1535,-1052.45,0,0.618,20
1536,1048.85,1,0.618,15
1537,-1054.69,0,0.617,29
1538,1048.36,1,0.617,14
1539,-1051.13,0,0.617,13
1540,-1051.57,0,0.617,22
1541,-1051.27,0,0.617,12
1542,-1051.78,0,0.617,13
2466,-1084.45,0,0.204,280
1543,-1053.38,0,0.616,33
2467,-1055.75,0,0.203,35
2468,-1051.11,0,0.203,21
1544,1047.23,1,0.616,32
1545,-1051.1,0,0.616,15
2469,-1052.23,0,0.203,18
2470,-1051.04,0,0.203,14
1546,-1053.1,0,0.615,30
1547,-1051.31,0,0.615,16
1548,-1056.47,0,0.615,52
1549,-1053.52,0,0.614,37
2471,1031.5,1,0.201,130
2472,-1052.16,0,0.201,21
1550,-1054.14,0,0.614,39
2473,-1051.65,0,0.201,15
1551,-1052.24,0,0.614,24
2474,-1052.85,0,0.201,25
1552,-1053.82,0,0.613,37
1553,-1060.39,0,0.612,79
2475,-1058.44,0,0.2,99
2476,-1050.28,0,0.2,3
1554,-1051.92,0,0.612,17
2477,-1053.35,0,0.199,25
1555,-1052.54,0,0.612,24
2478,-1052.93,0,0.199,38
2479,-1050.6,0,0.199,5
1556,-1054.77,0,0.612,42
2480,-1051.2,0,0.199,20
1557,-1052.35,0,0.611,25
2481,1047.83,1,0.198,17
1558,-1053.22,0,0.611,27
1559,-1052.23,0,0.611,18
1560,1047.56,1,0.611,24
2482,-1058.53,0,0.198,68
1561,-1052.69,0,0.61,29
2483,-1056.45,0,0.197,50
2484,-1051.87,0,0.197,32
2485,-1050.8,0,0.197,10
1562,-1061.98,0,0.609,93
1563,-1050.96,0,0.609,6
1564,-1051.78,0,0.609,18
1565,-1050.34,0,0.609,9
1566,-1051.51,0,0.609,16
1567,1049.42,1,0.609,18
1568,-2.45,0,0.608,25
1569,-1052.08,0,0.608,23
1570,-1051.02,0,0.608,12
1571,-1053.31,0,0.608,36
1572,-1052.33,0,0.607,18
1573,-1053.37,0,0.607,27
1574,-1051.18,0,0.607,13
1575,1044.65,1,0.606,45
2486,947.34,1,0.19,666
2487,-1052.61,0,0.189,26
2488,-1058.61,0,0.189,56
2489,-1051.24,0,0.189,14
2490,-1053.18,0,0.188,23
2491,-1050.58,0,0.188,33
2492,-1124.24,0,0.183,509
2493,1044.27,1,0.182,68
2494,-1055.33,0,0.181,53
2495,-1053.22,0,0.181,17
2496,-1051.27,0,0.181,17
2497,-1053.66,0,0.181,41
2498,-1060.72,0,0.179,112
2499,-1052.91,0,0.179,16
2500,-1056.28,0,0.179,53
2501,-1071.44,0,0.177,159
2502,-1061.65,0,0.176,120
2503,-1050.33,0,0.176,13
2504,-1056.1,0,0.175,45
2505,-1051.77,0,0.175,22
2506,-1051.63,0,0.175,18
2507,-1056.55,0,0.174,30
2508,-1053.72,0,0.174,47
2509,873.88,1,0.161,1192
2510,-1064.66,0,0.16,121
2511,-1050.5,0,0.16,10
2512,-1069.31,0,0.158,166
2513,-1051.3,0,0.158,15
2514,-1050.75,0,0.158,10
2515,-1066.41,0,0.157,46
2516,-1052.89,0,0.157,19
2517,-1053.3,0,0.157,40
2518,-1052.33,0,0.156,33
2519,-1051.41,0,0.156,21
2520,-1054.66,0,0.156,36
2521,-1053.06,0,0.156,21
2522,-1054.02,0,0.155,22
2523,-1050.75,0,0.155,5
2524,1049.24,1,0.155,11
2525,-1055.13,0,0.155,33
2526,-1051.3,0,0.155,15
2527,-1058.49,0,0.154,69
2528,-1052.44,0,0.154,24
2529,-1054.53,0,0.153,58
2530,-1052.34,0,0.153,19
2531,-1052.8,0,0.153,20
2532,-1056.67,0,0.152,62
2533,-1051.38,0,0.152,28
2534,-1051.84,0,0.152,24
2535,-1051.16,0,0.151,21
2536,-1050.5,0,0.151,15
2537,-1055.54,0,0.151,34
2538,-1052.73,0,0.15,33
2539,-1067.18,0,0.149,133
2540,-1055.41,0,0.149,26
2541,-1063.73,0,0.148,113
2542,-1051.52,0,0.147,27
2543,-1051.92,0,0.147,22
2544,-1052.95,0,0.147,25
2545,-1052.61,0,0.147,26
2546,-1054.48,0,0.146,23
2547,-1050.75,0,0.146,10
2548,-1054.49,0,0.146,29
2549,-1067.92,0,0.145,127
2550,-1053.58,0,0.144,38
2551,-1056.36,0,0.144,41
2552,-1058.23,0,0.143,63
2553,1045.57,1,0.142,53
2554,-1050.54,0,0.142,4
2555,-1051.41,0,0.142,16
2556,-1052.92,0,0.142,32
2557,-1067.72,0,0.141,117
2558,-1051.8,0,0.14,20
2559,-1056.07,0,0.14,32
2560,1042.92,1,0.14,38
2561,-1055.87,0,0.139,57
2562,-1059.21,0,0.138,76
2563,-1052.56,0,0.138,21
2564,-1052.37,0,0.138,22
2565,-1060.77,0,0.137,87
2566,-1055.78,0,0.137,28
2567,-1051.68,0,0.136,18
2568,-1050.85,0,0.136,20
2569,-1051.46,0,0.136,16
2570,-1061.38,0,0.135,88
2571,-1053.57,0,0.135,42
2572,-1054.86,0,0.134,36
2573,-1054.04,0,0.134,24
2574,-1051.18,0,0.134,18
2575,-1051.01,0,0.134,21
2576,1041.19,1,0.133,56
2577,-1053.69,0,0.133,34
2578,-1051.88,0,0.132,28
2579,-1051.4,0,0.132,15
2580,-1051.76,0,0.132,21
2581,-1053.2,0,0.132,20
2582,-1054.07,0,0.131,42
2583,-1052.21,0,0.131,31
2584,-1050.62,0,0.131,22
2585,-1050.75,0,0.131,5
2586,-1057.39,0,0.13,74
2587,-1055.56,0,0.129,71
2588,-1057.64,0,0.129,64
2589,-1053.26,0,0.128,21
2590,-1053.04,0,0.128,14
2591,-1051.31,0,0.128,16
2592,-1051.51,0,0.128,16
2593,-1052.66,0,0.128,31
2594,-1051.19,0,0.127,29
2595,-1057.13,0,0.127,48
2596,-1050.58,0,0.127,8
2597,-1052.62,0,0.126,32
2598,-1050.35,0,0.126,5
2599,-1051.71,0,0.126,26
2600,1008.23,1,0.123,317
2601,-1054.3,0,0.122,20
2602,1025.4,1,0.121,180
2603,-1052.81,0,0.12,31
2604,-1053.72,0,0.12,32
2605,-1053.49,0,0.12,24
2606,-1057.56,0,0.119,61
2607,-1052.27,0,0.119,37
2608,-1053.64,0,0.118,34
2609,-1053.09,0,0.118,19
2610,-1052.87,0,0.118,27
2611,-1051.57,0,0.118,17
2612,1047.54,1,0.117,26
2613,-1053.4,0,0.117,15
2614,-1055.1,0,0.117,20
2615,-1054.66,0,0.117,26
2616,-1051.96,0,0.116,21
2617,-1057.72,0,0.116,57
2618,-1050.39,0,0.116,4
2619,-1050.37,0,0.116,7
2620,1047.57,1,0.115,33
2621,-3.43,0,0.115,18
2622,-1050.92,0,0.115,12
2623,-1050.56,0,0.115,11
2624,-0.59,0,0.115,14
2625,-1050.29,0,0.115,14
2626,-1052.92,0,0.114,17
2627,1045.07,1,0.114,28
2628,1047.46,1,0.114,29
2629,-1051.56,0,0.114,21
2630,-1050.36,0,0.114,11
2631,-1052.81,0,0.113,21
2632,1042.63,1,0.113,52
2633,-1052.04,0,0.112,34
2634,-1050.23,0,0.112,23
2635,-1079.26,0,0.11,216
2636,-1051.94,0,0.11,19
2637,-1053.89,0,0.109,19
2638,-1053.16,0,0.109,31
2639,-1052.09,0,0.109,39
2640,-1053.51,0,0.108,21
2641,1040.28,1,0.108,67
2642,-1053.41,0,0.107,41
2643,-1050.59,0,0.107,19
2644,-1051.79,0,0.107,19
2645,-1059.83,0,0.106,93
2646,-1054.47,0,0.106,27
2647,-1051.58,0,0.105,28
2648,-1050.25,0,0.105,5
2649,-1051.85,0,0.105,15
2650,-1053.48,0,0.105,23
2651,-1057.58,0,0.104,58
2652,-1056.83,0,0.104,68
2653,1043.78,1,0.103,42
2654,-1052.93,0,0.103,33
2655,-1065.1,0,0.101,125
2656,-1051.09,0,0.101,29
2657,-1052.56,0,0.101,26
2658,-1052.13,0,0.101,23
2659,-1058.45,0,0.1,65
2660,-1055.4,0,0.099,55
2661,-1066.99,0,0.098,124
2662,-1050.91,0,0.098,21
2663,1038.68,1,0.097,77
2664,-1051.3,0,0.097,15
2665,-1065.25,0,0.096,125
2666,-1050.79,0,0.095,19
2667,-1050.74,0,0.095,14
2668,-1051.88,0,0.095,18
2669,-1051.49,0,0.095,19
2670,-1055.12,0,0.094,47
2671,-1051.11,0,0.094,21
2672,-1050.85,0,0.094,20
2673,-1051.16,0,0.094,26
2674,-1050.79,0,0.093,14
2675,-1050.66,0,0.093,21
2676,-1051.73,0,0.093,13
2677,-1050.81,0,0.093,11
2678,-1053.94,0,0.093,19
2679,-1052.01,0,0.093,21
2680,-1053.24,0,0.092,39
2681,-1052.07,0,0.092,27
2682,-1081.47,0,0.089,237
2683,-1051.16,0,0.089,16
2684,-1060.89,0,0.088,74
2685,-1052.41,0,0.088,21
2686,-1050.33,0,0.088,13
2687,-1052.72,0,0.088,22
2688,1047.11,1,0.088,14
2689,1042.83,1,0.087,72
2690,-1050.8,0,0.087,15
2691,-1051.83,0,0.086,28
2692,-1062.82,0,0.085,117
2693,-1104.27,0,0.081,387
2694,-1051.57,0,0.081,27
2695,-1054.95,0,0.081,35
2696,-1053.03,0,0.08,13
2697,-1052.03,0,0.08,28
2698,-1053.5,0,0.08,15
2699,-1052.67,0,0.08,37
2700,-1053.04,0,0.079,24
2701,-1053.0,0,0.079,30
2702,-1052.5,0,0.079,35
2703,-1052.69,0,0.078,29
2704,-1052.53,0,0.078,23
2705,-1050.98,0,0.078,18
2706,-1052.51,0,0.078,26
2707,-1052.63,0,0.077,38
2708,-1051.43,0,0.077,18
2709,-1052.57,0,0.077,32
2710,-1052.95,0,0.077,10
2711,-0.67,0,0.076,12
2712,1045.59,1,0.076,41
2713,-1051.58,0,0.076,23
2714,-1058.86,0,0.075,81
2715,-1050.87,0,0.075,12
2716,-1054.11,0,0.075,16
2717,-1050.43,0,0.074,8
2718,-1051.99,0,0.074,29
2719,-1056.14,0,0.074,39
2720,-1057.41,0,0.073,46
2721,-1053.14,0,0.073,24
2722,-1053.28,0,0.073,28
2723,1028.12,1,0.071,163
2724,-1050.6,0,0.071,20
2725,-1050.35,0,0.071,15
2726,-1050.72,0,0.07,17
2727,-1052.49,0,0.07,29
2728,-1051.06,0,0.07,21
2729,-1074.45,0,0.068,165
2730,-1054.53,0,0.068,38
2731,-1052.41,0,0.068,26
2732,-1051.64,0,0.067,19
2733,-1056.64,0,0.067,54
2734,-1066.1,0,0.065,120
2735,-1052.18,0,0.065,28
2736,-1050.18,0,0.065,3
2737,-1052.92,0,0.065,22
2738,-1054.11,0,0.065,31
2739,-1053.82,0,0.064,17
2740,-1053.42,0,0.064,17
2741,-1053.75,0,0.064,15
2742,-1053.65,0,0.064,15
2743,-1082.17,0,0.061,247
2744,-1052.06,0,0.061,21
2745,-1066.89,0,0.06,149
2746,-1051.14,0,0.059,19
2747,-1050.62,0,0.059,22
2748,-1051.84,0,0.059,19
2749,-1050.53,0,0.059,23
2750,-1050.71,0,0.059,11
2751,-1051.69,0,0.058,19
2752,-1054.46,0,0.058,26
2753,-1079.31,0,0.056,241
2754,-1053.41,0,0.055,41
2755,-1050.83,0,0.055,18
2756,-1062.67,0,0.054,112
2757,-1052.35,0,0.054,15
2758,-1050.76,0,0.053,21
2759,-1050.77,0,0.053,17
2760,-1051.79,0,0.053,34
2761,-1058.6,0,0.052,75
2762,-1050.79,0,0.052,9
2763,-1083.55,0,0.05,270
2764,-1057.01,0,0.05,66
2765,-1053.05,0,0.05,30
2766,-1054.78,0,0.05,38
2767,-1159.88,0,0.05,833
2768,-1052.45,0,0.05,30
2769,-1054.11,0,0.05,21
2770,-1053.14,0,0.05,19
2771,-1051.26,0,0.05,21
2772,-1052.97,0,0.05,22
2773,-1051.83,0,0.05,23
2774,-1052.22,0,0.05,32
2775,-1055.29,0,0.05,29
2776,-1233.52,0,0.05,1132
2777,-1051.95,0,0.05,20
2778,-1058.55,0,0.05,65
2779,-1053.02,0,0.05,22
2780,-1051.99,0,0.05,29
2781,-1050.01,0,0.05,16
2782,-1064.38,0,0.05,118
2783,-1052.84,0,0.05,29
2784,-1053.56,0,0.05,21
2785,-1064.04,0,0.05,124
2786,-1053.84,0,0.05,34
2787,-1093.24,0,0.05,319
2788,-1054.11,0,0.05,26
2789,-1057.57,0,0.05,57
2790,830.36,1,0.05,1654
2791,-1081.14,0,0.05,254
2792,-1051.66,0,0.05,16
2793,-1052.49,0,0.05,24
2794,-1051.8,0,0.05,15
2795,-1051.89,0,0.05,14
2796,761.37,1,0.05,2213
2797,-1051.72,0,0.05,17
2798,-1053.74,0,0.05,14
2799,-1053.99,0,0.05,19
2800,1008.35,1,0.05,295
2801,-1052.97,0,0.05,37
2802,679.32,1,0.05,2773
2803,-1052.09,0,0.05,19
2804,-1051.73,0,0.05,18
2805,-1050.99,0,0.05,19
2806,-1053.06,0,0.05,36
2807,-1053.61,0,0.05,36
2808,-1146.35,0,0.05,765
2809,-1084.38,0,0.05,278
2810,-1051.57,0,0.05,17
2811,-1051.61,0,0.05,21
2812,-1063.85,0,0.05,115
2813,-1052.4,0,0.05,25
2814,-1053.05,0,0.05,15
2815,-1050.48,0,0.05,13
2816,-1054.04,0,0.05,24
2817,-1051.74,0,0.05,14
2818,-1052.78,0,0.05,28
2819,-1075.04,0,0.05,184
2820,-1051.96,0,0.05,21
2821,-1051.15,0,0.05,20
2822,-1050.97,0,0.05,12
2823,-1053.36,0,0.05,31
2824,-1082.65,0,0.05,270
2825,-1051.53,0,0.05,18
2826,-1059.16,0,0.05,81
2827,-1051.35,0,0.05,20
2828,-1053.9,0,0.05,20
2829,-1053.02,0,0.05,27
2830,-1057.42,0,0.05,72
2831,-1050.41,0,0.05,16
2832,-1050.65,0,0.05,10
2833,-1060.48,0,0.05,73
2834,-1051.28,0,0.05,18
2835,-1052.33,0,0.05,23
2836,-1061.19,0,0.05,109
2837,892.4,1,0.05,1160
2838,-1054.13,0,0.05,23
2839,-1052.13,0,0.05,28
2840,-1052.35,0,0.05,15
2841,-1050.76,0,0.05,16
2842,-1058.97,0,0.05,82
2843,-1054.2,0,0.05,15
2844,-1052.03,0,0.05,28
2845,1045.35,1,0.05,45
2846,-1052.5,0,0.05,30
2847,-1051.59,0,0.05,14
2848,-1052.8,0,0.05,40
2849,-1050.21,0,0.05,16
2850,-1058.3,0,0.05,70
2851,-1062.65,0,0.05,115
2852,1048.62,1,0.05,23
2853,-1051.89,0,0.05,29
2854,-1052.23,0,0.05,33
2855,-1068.9,0,0.05,165
2856,-1053.95,0,0.05,25
2857,-1052.82,0,0.05,27
2858,-1051.95,0,0.05,20
2859,-1061.75,0,0.05,100
2860,-1052.64,0,0.05,29
2861,-1051.09,0,0.05,19
2862,-1054.45,0,0.05,30
2863,1030.73,1,0.05,152
2864,-1051.49,0,0.05,19
2865,-1059.3,0,0.05,80
2866,-1051.76,0,0.05,21
2867,-1075.18,0,0.05,208
2868,-1051.39,0,0.05,19
2869,-1061.42,0,0.05,92
2870,-1057.32,0,0.05,62
2871,-1054.03,0,0.05,38
2872,-1063.04,0,0.05,104
2873,-1052.12,0,0.05,32
2874,-1070.14,0,0.05,169
2875,-1052.48,0,0.05,33
2876,-1093.44,0,0.05,329
2877,-1051.24,0,0.05,14
2878,-1051.97,0,0.05,22
2879,-1050.46,0,0.05,16
2880,-1051.58,0,0.05,18
2881,-1052.12,0,0.05,22
2882,-1066.48,0,0.05,133
2883,-1052.69,0,0.05,29
2884,-1050.76,0,0.05,16
2885,-1052.25,0,0.05,30
2886,-1051.53,0,0.05,13
2887,-1052.58,0,0.05,33
2888,-1050.71,0,0.05,16
2889,-1050.86,0,0.05,16
2890,-1051.86,0,0.05,31
2891,-1051.59,0,0.05,19
2892,-1050.34,0,0.05,4
2893,-1050.95,0,0.05,25
2894,-1053.64,0,0.05,44
2895,-1052.94,0,0.05,24
2896,-1053.83,0,0.05,23
2897,-1053.37,0,0.05,22
2898,-1051.36,0,0.05,16
2899,-1050.18,0,0.05,3
2900,-1051.62,0,0.05,22
2901,-1050.45,0,0.05,5
2902,-1056.93,0,0.05,43
2903,-1051.56,0,0.05,21
2904,-1051.68,0,0.05,13
2905,-1052.3,0,0.05,30
2906,-1051.43,0,0.05,23
2907,-1052.77,0,0.05,27
2908,-1051.84,0,0.05,34
2909,-1051.64,0,0.05,24
2910,-1051.62,0,0.05,17
2911,-1051.15,0,0.05,15
2912,-1051.49,0,0.05,19
2913,-1062.23,0,0.05,108
2914,-1052.79,0,0.05,29
2915,-1057.85,0,0.05,65
2916,-1053.32,0,0.05,37
2917,-1074.56,0,0.05,211
2918,-1056.5,0,0.05,35
2919,-1090.89,0,0.05,324
2920,-1051.5,0,0.05,25
2921,-1050.99,0,0.05,9
2922,-1054.4,0,0.05,45
2923,-1050.48,0,0.05,13
2924,-1051.7,0,0.05,15
2925,-1055.43,0,0.05,53
2926,-1052.11,0,0.05,26
2927,-1051.22,0,0.05,12
2928,-1051.55,0,0.05,20
2929,-1052.77,0,0.05,27
2930,-1077.88,0,0.05,218
2931,-1050.44,0,0.05,4
2932,-1053.68,0,0.05,38
2933,-1081.04,0,0.05,264
2934,1006.88,1,0.05,332
2935,-1052.53,0,0.05,23
2936,-1.38,0,0.05,13
2937,-1058.97,0,0.05,67
2938,-1051.39,0,0.05,19
2939,-1053.3,0,0.05,30
2940,-1051.58,0,0.05,23
2941,-1053.14,0,0.05,29
2942,-1053.91,0,0.05,36
2943,-1051.48,0,0.05,23
2944,-1051.54,0,0.05,29
2945,-1051.99,0,0.05,19
2946,-1051.49,0,0.05,24
2947,-1133.69,0,0.05,634
2948,-1051.77,0,0.05,22
2949,-1051.23,0,0.05,23
2950,-1051.98,0,0.05,23
2951,-1052.89,0,0.05,19
2952,-1052.2,0,0.05,20
2953,-1085.68,0,0.05,288
2954,-1051.72,0,0.05,22
2955,-1051.57,0,0.05,17
2956,-1057.19,0,0.05,59
2957,-1050.59,0,0.05,9
2958,-1051.99,0,0.05,24
2959,-1052.88,0,0.05,33
2960,-1089.51,0,0.05,301
2961,-1050.9,0,0.05,5
2962,-1078.71,0,0.05,216
2963,-1051.33,0,0.05,18
2964,-1052.08,0,0.05,33
2965,-1052.54,0,0.05,24
2966,-1065.89,0,0.05,134
2967,-1052.68,0,0.05,28
2968,-1053.82,0,0.05,32
2969,-1053.93,0,0.05,28
2970,-1051.23,0,0.05,18
2971,-1051.17,0,0.05,22
2972,-1051.86,0,0.05,16
2973,-1053.07,0,0.05,22
2974,-1053.53,0,0.05,23
2975,-1069.67,0,0.05,157
2976,-1055.34,0,0.05,29
2977,-1054.25,0,0.05,40
2978,-1050.65,0,0.05,5
2979,-1054.82,0,0.05,27
2980,-1050.34,0,0.05,14
2981,-1052.22,0,0.05,17
2982,-1052.15,0,0.05,25
2983,-1053.11,0,0.05,16
2984,-1052.93,0,0.05,18
2985,-1052.36,0,0.05,26
2986,-1053.34,0,0.05,34
2987,941.75,1,0.05,820
2988,-1069.04,0,0.05,149
2989,-1054.31,0,0.05,31
2990,-1052.67,0,0.05,27
2991,-1053.92,0,0.05,17
2992,-1050.1,0,0.05,5
2993,-1056.76,0,0.05,61
2994,906.97,1,0.05,1073
2995,-1051.49,0,0.05,24
2996,-1052.91,0,0.05,21
2997,-1053.38,0,0.05,18
2998,-1054.55,0,0.05,30
2999,1049.23,1,0.05,12
3000,-1052.11,0,0.05,16
3001,-1054.01,0,0.05,36
3002,-1052.17,0,0.05,17
3003,-1073.51,0,0.05,191
3004,-1050.3,0,0.05,5
3005,-1051.57,0,0.05,17
3006,-1052.1,0,0.05,20
3007,-1082.8,0,0.05,260
3008,-1051.1,0,0.05,15
3009,-1052.03,0,0.05,28
3010,-1063.37,0,0.05,122
3011,-1052.86,0,0.05,31
3012,-1052.41,0,0.05,31
3013,-1050.99,0,0.05,19
3014,-1062.08,0,0.05,113
3015,-1050.72,0,0.05,17
3016,1049.17,1,0.05,23
3017,-1050.47,0,0.05,17
3018,-1066.27,0,0.05,122
3019,-1083.76,0,0.05,266
3020,-1053.1,0,0.05,30
3021,-1052.72,0,0.05,27
3022,-1050.79,0,0.05,19
3023,-1081.66,0,0.05,251
3024,-1052.49,0,0.05,29
3025,-1051.6,0,0.05,25
3026,-1052.93,0,0.05,33
3027,-1054.44,0,0.05,34
3028,-1054.01,0,0.05,36
3029,-1056.35,0,0.05,70
3030,-1060.25,0,0.05,95
3031,-1073.95,0,0.05,190
3032,-1054.28,0,0.05,38
3033,-1076.28,0,0.05,203
3034,-1052.9,0,0.05,20
3035,-1051.73,0,0.05,28
3036,-1050.46,0,0.05,11
3037,-1051.3,0,0.05,20
3038,-1052.1,0,0.05,20
3039,-1051.72,0,0.05,17
3040,-1052.68,0,0.05,28
3041,-1054.29,0,0.05,34
3042,-1054.03,0,0.05,38
3043,1046.82,1,0.05,23
3044,-1058.25,0,0.05,70
3045,-1078.29,0,0.05,234
3046,-1058.34,0,0.05,74
3047,-1052.5,0,0.05,15
3048,-1054.6,0,0.05,30
3049,-1052.76,0,0.05,16
3050,-1052.29,0,0.05,19
3051,-1052.82,0,0.05,32
3052,-1052.8,0,0.05,20
3053,1031.9,1,0.05,125
3054,-1050.71,0,0.05,11
3055,-1051.34,0,0.05,24
3056,-1050.81,0,0.05,11
3057,1036.73,1,0.05,107
3058,-1051.82,0,0.05,17
3059,-1051.45,0,0.05,15
3060,-1052.14,0,0.05,24
3061,-1050.33,0,0.05,3
3062,-1051.63,0,0.05,23
3063,-1051.27,0,0.05,27
3064,-1052.39,0,0.05,29
3065,-1054.04,0,0.05,24
3066,-1052.72,0,0.05,22
3067,-1053.54,0,0.05,24
3068,-1070.63,0,0.05,168
3069,-1053.5,0,0.05,15
3070,-1065.85,0,0.05,115
3071,-1051.31,0,0.05,16
3072,-1051.61,0,0.05,16
3073,-1052.07,0,0.05,27
3074,-1053.92,0,0.05,32
3075,-1050.82,0,0.05,17
3076,-1051.77,0,0.05,27
3077,-1053.88,0,0.05,28
3078,-1052.04,0,0.05,24
3079,-1051.37,0,0.05,22
3080,-1050.37,0,0.05,12
3081,-1053.75,0,0.05,40
3082,-1.17,0,0.05,12
3083,-1051.07,0,0.05,17
3084,-1051.35,0,0.05,25
3085,-1050.55,0,0.05,15
3086,-1050.56,0,0.05,11
3087,-1054.67,0,0.05,47
3088,-1052.18,0,0.05,28
3089,-1058.24,0,0.05,64
3090,-1112.7,0,0.05,490
3091,-1060.81,0,0.05,101
3092,-1052.27,0,0.05,32
3093,-1058.62,0,0.05,82
3094,-1087.34,0,0.05,274
3095,1044.05,1,0.05,55
3096,-1052.49,0,0.05,29
3097,-1051.53,0,0.05,28
3098,-1050.6,0,0.05,15
3099,-1051.43,0,0.05,13
3100,-1053.69,0,0.05,34
3101,-1101.49,0,0.05,384
3102,-1051.75,0,0.05,20
3103,-1065.03,0,0.05,63
3104,-1055.71,0,0.05,21
3105,-1056.64,0,0.05,54
3106,-1051.3,0,0.05,20
3107,-1051.98,0,0.05,23
3108,-1051.25,0,0.05,20
3109,-1051.15,0,0.05,20
3110,-1066.78,0,0.05,138
3111,-1059.91,0,0.05,91
3112,-1050.54,0,0.05,4
3113,1047.03,1,0.05,47
3114,-1052.01,0,0.05,21
3115,-1051.77,0,0.05,17
3116,-1051.67,0,0.05,17
3117,-1050.84,0,0.05,9
3118,-1054.43,0,0.05,53
3119,-1052.36,0,0.05,26
3120,-1051.31,0,0.05,11
3121,1043.07,1,0.05,53
3122,-1051.48,0,0.05,23
3123,-1093.57,0,0.05,347
3124,1034.33,1,0.05,112
3125,-1066.33,0,0.05,133
3126,-1054.1,0,0.05,40
3127,-1053.27,0,0.05,37
3128,-1059.66,0,0.05,46
3129,1042.42,1,0.05,53
3130,-1053.84,0,0.05,29
3131,-1053.88,0,0.05,38
3132,-1052.65,0,0.05,35
3133,-1071.58,0,0.05,168
3134,-1052.03,0,0.05,28
3135,-1050.66,0,0.05,11
3136,1049.03,1,0.05,22
3137,-1052.56,0,0.05,31
3138,-1061.32,0,0.05,97
3139,-1052.16,0,0.05,26
3140,1047.63,1,0.05,27
3141,-1052.19,0,0.05,19
3142,-1052.2,0,0.05,15
3143,-1056.42,0,0.05,52
3144,1036.02,1,0.05,93
3145,-1052.25,0,0.05,5
3146,-2.69,0,0.05,34
3147,-1053.12,0,0.05,42
3148,-1051.2,0,0.05,25
3149,-1051.18,0,0.05,18
3150,-1053.51,0,0.05,41
3151,-1050.65,0,0.05,15
3152,-1081.85,0,0.05,260
3153,-1056.52,0,0.05,67
3154,-1052.11,0,0.05,26
3155,-1071.62,0,0.05,177
3156,-1051.28,0,0.05,18
3157,-1050.48,0,0.05,13
3158,-1053.11,0,0.05,16
3159,-1050.84,0,0.05,14
3160,-1052.66,0,0.05,36
3161,-1087.75,0,0.05,310
3162,-1051.57,0,0.05,17
3163,1036.91,1,0.05,94
3164,-1052.13,0,0.05,33
3165,-1052.47,0,0.05,22
3166,-1052.26,0,0.05,36
3167,-1051.24,0,0.05,24
3168,-1051.39,0,0.05,19
3169,-1051.01,0,0.05,6
3170,-1050.54,0,0.05,14
3171,-1051.37,0,0.05,22
3172,-1051.08,0,0.05,13
3173,-1050.32,0,0.05,12
3174,-1054.12,0,0.05,47
3175,-1051.15,0,0.05,10
3176,-1066.95,0,0.05,140
3177,-1051.69,0,0.05,14
3178,-1050.95,0,0.05,10
3179,-1053.14,0,0.05,19
3180,-1051.72,0,0.05,17
3181,-1052.0,0,0.05,20
3182,-1050.91,0,0.05,21
3183,-1054.59,0,0.05,24
3184,-1050.86,0,0.05,21
3185,-1063.22,0,0.05,117
3186,-1068.72,0,0.05,162
3187,-1051.57,0,0.05,22
3188,-1053.3,0,0.05,35
3189,-1051.19,0,0.05,24
3190,-1051.86,0,0.05,16
3191,-1052.19,0,0.05,29
3192,-1.89,0,0.05,24
3193,-1052.0,0,0.05,15
3194,-1052.02,0,0.05,32
3195,-1050.41,0,0.05,16
3196,-1052.58,0,0.05,18
3197,-15.38,0,0.05,133
3198,-1053.56,0,0.05,36
3199,-1052.47,0,0.05,37
3200,-1058.12,0,0.05,77
3201,-1053.54,0,0.05,39
3202,-1051.42,0,0.05,27
3203,-1052.59,0,0.05,34
3204,-1051.02,0,0.05,12
3205,-1070.7,0,0.05,175
3206,-1051.7,0,0.05,25
3207,-1052.86,0,0.05,36
3208,-1051.64,0,0.05,24
3209,-1051.85,0,0.05,25
3210,-1067.38,0,0.05,153
3211,1041.57,1,0.05,73
3212,-1065.53,0,0.05,118
3213,-1051.34,0,0.05,19
3214,-1065.1,0,0.05,125
3215,-1052.21,0,0.05,16
3216,-1052.87,0,0.05,17
3217,-1068.55,0,0.05,150
3218,-1061.9,0,0.05,110
3219,-1053.95,0,0.05,50
3220,1047.66,1,0.05,24
3221,-1108.17,0,0.05,457
3222,-1051.02,0,0.05,22
3223,-1101.52,0,0.05,407
3224,-1060.23,0,0.05,78
3225,-1051.16,0,0.05,16
3226,-1051.95,0,0.05,15
3227,1048.32,1,0.05,18
3228,-1064.6,0,0.05,130
3229,-1055.28,0,0.05,38
3230,-1051.63,0,0.05,28
3231,-1051.38,0,0.05,18
3232,-1051.81,0,0.05,26
3233,-1053.01,0,0.05,26
3234,-1073.08,0,0.05,183
3235,-1051.18,0,0.05,18
3236,-1051.29,0,0.05,19
3237,-1065.33,0,0.05,123
3238,1034.93,1,0.05,132
3239,-1051.35,0,0.05,20
3240,-1100.87,0,0.05,407
3241,-4.1,0,0.05,50
3242,-1053.17,0,0.05,17
3243,-1052.09,0,0.05,19
3244,-1072.31,0,0.05,191
3245,1048.15,1,0.05,20
3246,-1051.94,0,0.05,24
3247,-1051.53,0,0.05,18
3248,-1053.22,0,0.05,32
3249,-1054.99,0,0.05,54
3250,-1050.9,0,0.05,20
3251,-1051.45,0,0.05,20
3252,-1051.16,0,0.05,16
3253,-1069.95,0,0.05,160
3254,-1052.15,0,0.05,5
3255,-1053.26,0,0.05,31
3256,-1050.69,0,0.05,4
3257,-1055.54,0,0.05,54
3258,-1054.79,0,0.05,44
3259,1035.83,1,0.05,127
3260,-1051.22,0,0.05,22
3261,-1052.32,0,0.05,27
3262,-1052.73,0,0.05,28
3263,-1054.28,0,0.05,43
3264,-1050.67,0,0.05,17
3265,-1051.48,0,0.05,18
3266,-1050.75,0,0.05,10
3267,-1053.52,0,0.05,32
3268,-1054.43,0,0.05,43
3269,-1051.4,0,0.05,15
3270,-1050.96,0,0.05,11
3271,-1074.59,0,0.05,199
3272,-1057.38,0,0.05,78
3273,-1060.33,0,0.05,93
3274,1047.97,1,0.05,23
3275,-1051.99,0,0.05,29
3276,-1051.7,0,0.05,25
3277,-1052.03,0,0.05,23
3278,-1052.2,0,0.05,20
3279,-1050.75,0,0.05,5
3280,-1050.35,0,0.05,10
3281,-1052.54,0,0.05,24
3282,-1051.27,0,0.05,12
3283,-1050.91,0,0.05,21
3284,-1052.4,0,0.05,25
3285,-1052.42,0,0.05,32
3286,1039.07,1,0.05,93
3287,-1051.48,0,0.05,23
3288,-1053.02,0,0.05,32
3289,-1053.18,0,0.05,38
3290,-1052.28,0,0.05,28
3291,-1050.85,0,0.05,10
3292,1010.16,1,0.05,314
3293,-1051.83,0,0.05,23
3294,-1052.56,0,0.05,26
3295,-1068.52,0,0.05,152
3296,-1051.79,0,0.05,19
3297,-1051.68,0,0.05,33
3298,-1054.73,0,0.05,43
3299,-1051.61,0,0.05,16
3300,-1049.8,0,0.05,5
3301,-1052.16,0,0.05,26
3302,-1061.73,0,0.05,93
3303,-1051.7,0,0.05,20
3304,-1054.28,0,0.05,38
3305,1046.77,1,0.05,33
3306,-1051.69,0,0.05,19
3307,1026.33,1,0.05,187
3308,-1051.12,0,0.05,22
3309,-1051.18,0,0.05,18
3310,-1051.35,0,0.05,15
3311,-1051.87,0,0.05,32
3312,-1050.52,0,0.05,12
3313,-1051.85,0,0.05,25
3314,-1051.11,0,0.05,21
3315,1049.38,1,0.05,22
3316,-1058.59,0,0.05,79
3317,-1051.69,0,0.05,14
3318,-1051.45,0,0.05,20
3319,-1051.72,0,0.05,22
3320,-1063.8,0,0.05,115
3321,-1053.49,0,0.05,44
3322,-1050.54,0,0.05,4
3323,-1052.25,0,0.05,20
3324,-1051.86,0,0.05,31
3325,-1051.44,0,0.05,19
3326,-1076.08,0,0.05,218
3327,-1059.15,0,0.05,75
3328,-1056.56,0,0.05,61
3329,-1052.14,0,0.05,19
3330,-1052.28,0,0.05,23
3331,-1051.16,0,0.05,11
3332,-1051.83,0,0.05,28
3333,-1052.21,0,0.05,21
3334,-1086.96,0,0.05,291
3335,-1051.36,0,0.05,16
3336,-1051.31,0,0.05,16
3337,-1052.69,0,0.05,19
3338,1028.82,1,0.05,173
3339,-1052.18,0,0.05,18
3340,-1050.54,0,0.05,4
3341,-1051.49,0,0.05,19
3342,-1050.77,0,0.05,17
3343,-1055.99,0,0.05,64
3344,-1053.47,0,0.05,32
3345,-1051.88,0,0.05,18
3346,-1052.72,0,0.05,27
3347,-1052.04,0,0.05,24
3348,-1051.64,0,0.05,19
3349,-1051.88,0,0.05,18
3350,-1052.86,0,0.05,31
3351,-1052.63,0,0.05,23
3352,-1053.7,0,0.05,40
3353,-1051.29,0,0.05,24
3354,1048.62,1,0.05,23
3355,-1051.89,0,0.05,4
3356,-1050.36,0,0.05,16
3357,-1051.58,0,0.05,13
3358,-1052.42,0,0.05,22
3359,-1052.02,0,0.05,17
3360,-1051.48,0,0.05,18
3361,-1067.81,0,0.05,131
3362,-1051.51,0,0.05,21
3363,-1052.45,0,0.05,25
3364,-1051.53,0,0.05,18
3365,-1051.48,0,0.05,18
3366,-1052.17,0,0.05,22
3367,-1050.81,0,0.05,16
3368,-1051.34,0,0.05,19
3369,-1050.22,0,0.05,7
3370,-1054.32,0,0.05,37
3371,-1053.44,0,0.05,29
3372,-1052.08,0,0.05,23
3373,-1050.35,0,0.05,5
3374,-1051.24,0,0.05,14
3375,-1059.09,0,0.05,84
3376,-1051.71,0,0.05,21
3377,1049.13,1,0.05,12
3378,-1079.75,0,0.05,240
3379,-1052.83,0,0.05,18
3380,-1051.69,0,0.05,24
3381,-1051.49,0,0.05,14
3382,-0.69,0,0.05,14
3383,-1051.34,0,0.05,14
3384,-1052.1,0,0.05,25
3385,-1050.9,0,0.05,10
3386,-1067.79,0,0.05,149
3387,-1051.49,0,0.05,19
3388,-1052.63,0,0.05,28
3389,-1.17,0,0.05,22
3390,-1050.94,0,0.05,19
3391,-1051.28,0,0.05,18
3392,-1050.72,0,0.05,12
3393,-1050.58,0,0.05,3
3394,-1051.62,0,0.05,17
3395,-1052.44,0,0.05,29
3396,-1050.79,0,0.05,19
3397,-1065.1,0,0.05,135
3398,-1052.91,0,0.05,31
3399,-1051.38,0,0.05,18
3400,-1053.19,0,0.05,34
3401,-2.78,0,0.05,33
3402,-1051.89,0,0.05,29
3403,1047.91,1,0.05,24
3404,-1051.97,0,0.05,32
3405,-1051.95,0,0.05,25
3406,-1051.75,0,0.05,20
3407,-1050.31,0,0.05,16
3408,-1051.02,0,0.05,22
3409,-1049.79,0,0.05,4
3410,-1.53,0,0.05,13
3411,-1052.0,0,0.05,35
3412,-1051.59,0,0.05,19
3413,-1051.5,0,0.05,20
3414,-1070.34,0,0.05,164
3415,-1050.67,0,0.05,17
3416,-1066.86,0,0.05,141
3417,-1051.07,0,0.05,22
3418,-1051.3,0,0.05,15
3419,-1.62,0,0.05,17
3420,-1050.61,0,0.05,21
3421,-1051.64,0,0.05,19
3422,-1051.0,0,0.05,10
3423,-1051.1,0,0.05,20
3424,-1052.05,0,0.05,15
3425,-1050.62,0,0.05,17
3426,-1118.13,0,0.05,523
3427,-1052.36,0,0.05,21
3428,1048.07,1,0.05,23
3429,-1054.23,0,0.05,43
3430,-1050.47,0,0.05,17
3431,-1051.13,0,0.05,13
3432,-1051.62,0,0.05,22
3433,-1076.99,0,0.05,224
3434,-1051.87,0,0.05,12
3435,-1051.23,0,0.05,13
3436,-1059.7,0,0.05,85
3437,-1052.66,0,0.05,36
3438,-1053.93,0,0.05,38
3439,-1051.25,0,0.05,15
3440,-1051.41,0,0.05,21
3441,-1050.59,0,0.05,9
3442,-1052.17,0,0.05,17
3443,-1051.68,0,0.05,18
3444,-1062.36,0,0.05,106
3445,-1051.67,0,0.05,22
3446,-1053.27,0,0.05,27
3447,-1051.12,0,0.05,22
3448,1047.87,1,0.05,23
3449,-1051.39,0,0.05,19
3450,-1051.44,0,0.05,24
3451,-1053.64,0,0.05,34
3452,-1051.28,0,0.05,28
3453,-1051.96,0,0.05,31
3454,1047.47,1,0.05,33
3455,-1052.44,0,0.05,4
3456,-1051.95,0,0.05,20
3457,-1050.67,0,0.05,12
3458,-1054.89,0,0.05,54
3459,-1051.92,0,0.05,12
3460,-1062.39,0,0.05,109
3461,-1051.49,0,0.05,9
3462,-3.08,0,0.05,33
3463,1024.8,1,0.05,195
3464,-1100.07,0,0.05,407
3465,-1053.47,0,0.05,37
3466,-1051.15,0,0.05,15
3467,-1050.7,0,0.05,20
3468,-1051.32,0,0.05,17
3469,-1057.53,0,0.05,73
3470,-1051.42,0,0.05,17
3471,-1052.04,0,0.05,24
3472,-1051.81,0,0.05,21
3473,-1053.6,0,0.05,25
3474,-1052.81,0,0.05,36
3475,-1051.54,0,0.05,19
3476,-1051.57,0,0.05,22
3477,-1053.0,0,0.05,40
3478,-1052.5,0,0.05,25
3479,-1050.9,0,0.05,10
3480,-1052.57,0,0.05,32
3481,-1054.22,0,0.05,37
3482,-1052.58,0,0.05,23
3483,1048.17,1,0.05,23
3484,1048.38,1,0.05,22
3485,-2.28,0,0.05,23
3486,-1051.3,0,0.05,20
3487,1049.55,1,0.05,15
3488,-1049.85,0,0.05,5
3489,-1051.71,0,0.05,21
3490,-1051.08,0,0.05,13
3491,-1051.44,0,0.05,19
3492,-1050.59,0,0.05,19
3493,-1051.25,0,0.05,15
3494,-1053.17,0,0.05,32
3495,-1052.36,0,0.05,31
3496,-1050.8,0,0.05,20
3497,-1051.37,0,0.05,17
3498,-1051.77,0,0.05,22
3499,-1051.28,0,0.05,13
3500,-1052.6,0,0.05,20
3501,-1051.18,0,0.05,13
3502,-1052.04,0,0.05,24
3503,1047.63,1,0.05,32
3504,1027.77,1,0.05,183
3505,-1058.68,0,0.05,78
3506,-1051.96,0,0.05,16
3507,-1051.25,0,0.05,10
3508,-1051.05,0,0.05,15
3509,-1051.33,0,0.05,18
3510,-1057.2,0,0.05,75
3511,-1051.65,0,0.05,20
3512,-1063.59,0,0.05,119
3513,-1050.86,0,0.05,16
3514,-1130.88,0,0.05,638
3515,-1089.48,0,0.05,313
3516,-1053.33,0,0.05,33
3517,-1084.36,0,0.05,266
3518,-1052.45,0,0.05,30
3519,-1050.82,0,0.05,12
3520,-1052.81,0,0.05,31
3521,-1050.99,0,0.05,14
3522,-1050.76,0,0.05,11
3523,-1051.17,0,0.05,22
3524,-1051.94,0,0.05,19
3525,-1053.81,0,0.05,36
3526,-1092.08,0,0.05,328
3527,-1053.69,0,0.05,29
3528,-1052.08,0,0.05,13
3529,-1056.06,0,0.05,56
3530,-1063.29,0,0.05,119
3531,-1072.55,0,0.05,175
3532,-1108.32,0,0.05,462
3533,-1052.33,0,0.05,28
3534,-1094.95,0,0.05,355
3535,-1079.22,0,0.05,242
3536,-1057.62,0,0.05,72
3537,-1084.54,0,0.05,284
3538,-1116.11,0,0.05,521
3539,-1067.88,0,0.05,148
3540,-1123.63,0,0.05,588
3541,-1055.69,0,0.05,34
3542,-1055.83,0,0.05,53
3543,-1091.2,0,0.05,320
3544,-1065.58,0,0.05,128
3545,-1050.75,0,0.05,15
3546,-1050.67,0,0.05,12
3547,-1070.96,0,0.05,171
3548,-1094.35,0,0.05,365
3549,-1082.75,0,0.05,270
3550,-1065.74,0,0.05,134
3551,-1091.03,0,0.05,333
3552,-1050.74,0,0.05,19
3553,-1051.57,0,0.05,17
3554,-1093.42,0,0.05,337
3555,-1053.66,0,0.05,26
3556,-1055.43,0,0.05,58
3557,-1061.9,0,0.05,105
3558,-1071.23,0,0.05,178
3559,1048.56,1,0.05,19
3560,-1060.5,0,0.05,90
3561,-1068.27,0,0.05,152
3562,-1060.37,0,0.05,77
3563,-1053.61,0,0.05,41
3564,-1052.12,0,0.05,32
3565,-1091.18,0,0.05,328
3566,1048.18,1,0.05,22
3567,-1080.48,0,0.05,258
3568,-1077.73,0,0.05,228
3569,-1066.08,0,0.05,138
3570,-1065.73,0,0.05,113
3571,-1065.11,0,0.05,131
3572,-1060.1,0,0.05,90
3573,-1068.51,0,0.05,141
3574,-1053.9,0,0.05,40
3575,-1078.23,0,0.05,228
3576,-1053.43,0,0.05,43
3577,-1050.82,0,0.05,22
3578,-1064.25,0,0.05,125
3579,-1057.75,0,0.05,75
3580,-1064.86,0,0.05,126
