episode,reward,steps,win,epsilon,q_size,avg_q,outcome
100,362.51,207,1,0.998,82,4.569,Win
200,-779.52,600,0,0.996,82,6.413,Timeout
300,496.08,88,1,0.993,82,8.765,Win
400,122.6,348,1,0.991,82,9.629,Win
500,-48.0,460,1,0.989,82,12.593,Win
600,289.65,274,1,0.987,82,15.396,Win
700,-99.15,310,1,0.984,82,16.985,Win
800,182.26,232,1,0.982,82,19.16,Win
900,101.25,462,1,0.98,82,21.233,Win
1000,116.9,335,1,0.978,82,22.644,Win
1100,384.36,170,1,0.975,82,24.4,Win
1200,-839.14,600,0,0.973,82,28.343,Timeout
1300,-594.03,600,0,0.971,82,30.855,Timeout
1400,395.3,221,1,0.969,82,33.07,Win
1500,424.1,138,1,0.966,82,34.442,Win
1600,417.03,189,1,0.964,82,36.895,Win
1700,381.15,77,1,0.962,82,38.421,Win
1800,359.68,236,1,0.96,82,38.434,Win
1900,-982.52,600,0,0.958,82,40.151,Timeout
2000,253.1,245,1,0.955,82,43.612,Win
2100,-525.03,600,0,0.953,82,45.074,Timeout
2200,250.33,283,1,0.951,82,46.048,Win
2300,176.1,418,1,0.949,82,49.169,Win
2400,530.6,35,1,0.946,82,51.483,Win
2500,370.98,190,1,0.944,82,54.416,Win
2600,327.03,189,1,0.942,82,56.328,Win
2700,-670.69,600,0,0.94,82,57.235,Timeout
2800,26.25,362,1,0.937,82,61.519,Win
2900,8.4,319,1,0.935,82,62.151,Win
3000,150.4,372,1,0.933,82,64.462,Win
3100,202.28,284,1,0.931,82,68.069,Win
3200,270.36,170,1,0.928,82,70.176,Win
3300,448.73,95,1,0.926,82,71.546,Win
3400,302.08,288,1,0.924,82,72.382,Win
3500,-699.52,600,0,0.922,82,75.016,Timeout
3600,-688.14,600,0,0.92,82,76.242,Timeout
3700,229.4,139,1,0.917,82,78.622,Win
3800,111.85,343,1,0.915,82,80.213,Win
3900,312.78,234,1,0.913,82,82.664,Win
4000,59.8,377,1,0.911,82,84.492,Win
4100,415.73,155,1,0.908,82,87.004,Win
4200,170.65,414,1,0.906,82,88.736,Win
4300,168.2,456,1,0.904,82,89.875,Win
4400,292.78,214,1,0.902,82,91.7,Win
4500,-531.75,600,0,0.899,82,93.432,Timeout
4600,427.15,137,1,0.897,82,96.593,Win
4700,263.2,409,1,0.895,82,97.444,Win
4800,89.36,250,1,0.893,82,99.316,Win
4900,391.21,173,1,0.89,82,101.181,Win
5000,123.1,465,1,0.888,82,102.82,Win
5100,163.81,461,1,0.886,82,104.539,Win
5200,353.75,118,1,0.884,82,106.006,Win
5300,-756.35,600,0,0.882,82,106.664,Timeout
5400,356.41,109,1,0.879,82,110.324,Win
5500,-68.75,448,1,0.877,82,111.869,Win
5600,-663.37,600,0,0.875,82,113.132,Timeout
5700,243.4,312,1,0.873,82,114.942,Win
5800,419.25,108,1,0.87,82,116.99,Win
5900,384.51,207,1,0.868,82,118.263,Win
6000,337.85,103,1,0.866,82,120.747,Win
6100,-201.45,322,1,0.864,82,122.371,Win
6200,179.8,357,1,0.861,82,124.17,Win
6300,446.7,66,1,0.859,82,126.902,Win
6400,160.83,253,1,0.857,82,127.546,Win
6500,336.93,151,1,0.855,82,129.561,Win
6600,439.3,101,1,0.852,82,130.44,Win
6700,532.0,47,1,0.85,82,133.175,Win
6800,85.63,377,1,0.848,82,134.045,Win
6900,427.6,95,1,0.846,82,135.284,Win
7000,453.25,175,1,0.844,82,135.257,Win
7100,-71.57,501,1,0.841,82,137.368,Win
7200,465.11,95,1,0.839,82,138.343,Win
7300,239.5,297,1,0.837,82,140.17,Win
7400,-34.69,531,1,0.835,82,140.695,Win
7500,285.35,366,1,0.832,82,141.262,Win
7600,316.61,185,1,0.83,82,142.5,Win
7700,-243.15,516,1,0.828,82,143.183,Win
7800,-239.2,411,1,0.826,82,146.445,Win
7900,501.8,64,1,0.823,82,146.738,Win
8000,199.03,289,1,0.821,82,149.336,Win
8100,201.18,326,1,0.819,82,148.346,Win
8200,523.9,35,1,0.817,82,148.962,Win
8300,41.12,522,1,0.814,82,150.894,Win
8400,364.06,256,1,0.812,82,152.3,Win
8500,364.71,323,1,0.81,82,154.742,Win
8600,445.61,165,1,0.808,82,156.577,Win
8700,168.1,405,1,0.806,82,157.54,Win
8800,521.48,60,1,0.803,82,158.26,Win
8900,233.8,124,1,0.801,82,159.521,Win
9000,476.75,92,1,0.799,82,160.037,Win
9100,129.9,329,1,0.797,82,158.724,Win
9200,276.5,257,1,0.794,82,160.882,Win
9300,335.55,102,1,0.792,82,161.39,Win
9400,161.25,308,1,0.79,82,162.579,Win
9500,135.41,349,1,0.788,82,164.717,Win
9600,401.21,73,1,0.785,82,167.296,Win
9700,388.41,149,1,0.783,82,168.595,Win
9800,498.41,89,1,0.781,82,170.26,Win
9900,378.0,93,1,0.779,82,172.41,Win
10000,-145.5,117,0,0.776,82,175.265,Death
10100,-343.65,200,0,0.598,82,172.644,Death
10200,-109.19,77,0,0.596,82,170.869,Death
10300,-194.45,69,0,0.593,82,167.095,Death
10400,-520.64,450,0,0.591,82,163.378,Death
10500,-52.35,34,0,0.589,82,160.974,Death
10600,472.7,73,1,0.587,82,156.866,Win
10700,-183.45,129,0,0.584,82,152.322,Death
10800,-294.65,260,0,0.582,82,151.157,Death
10900,-153.49,127,0,0.58,82,146.978,Death
11000,-102.1,35,0,0.578,82,144.161,Death
11100,452.93,91,1,0.575,82,142.227,Win
11200,-116.92,128,0,0.573,82,138.046,Death
11300,-291.62,142,0,0.571,82,134.899,Death
11400,512.16,74,1,0.569,82,132.947,Win
11500,-59.67,43,0,0.566,82,131.48,Death
11600,-140.0,100,0,0.564,82,128.737,Death
11700,-59.35,40,0,0.562,82,126.584,Death
11800,-190.5,230,0,0.56,82,123.39,Death
11900,-94.95,39,0,0.558,82,123.162,Death
12000,456.25,62,1,0.555,82,121.159,Win
12100,-131.7,161,0,0.553,82,118.746,Death
12200,538.2,16,1,0.551,82,118.255,Win
12300,-61.2,24,0,0.549,82,115.46,Death
12400,-179.7,174,0,0.546,82,113.922,Death
12500,-99.25,85,0,0.544,82,112.57,Death
12600,-178.95,152,0,0.542,82,111.163,Death
12700,-203.77,165,0,0.54,82,110.19,Death
12800,543.46,28,1,0.537,82,107.893,Win
12900,395.48,200,1,0.535,82,107.22,Win
13000,-163.35,87,0,0.533,82,107.642,Death
13100,-47.65,20,0,0.531,82,105.247,Death
13200,-103.95,59,0,0.528,82,103.628,Death
13300,-271.7,241,0,0.526,82,101.821,Death
13400,-86.65,80,0,0.524,82,100.163,Death
13500,-58.25,25,0,0.522,82,99.54,Death
13600,-166.2,171,0,0.52,82,99.163,Death
13700,-129.9,91,0,0.517,82,100.344,Death
13800,-139.45,49,0,0.515,82,99.398,Death
13900,-63.85,44,0,0.513,82,98.546,Death
14000,-54.85,17,0,0.511,82,98.366,Death
14100,-196.94,136,0,0.508,82,96.921,Death
14200,426.8,97,1,0.506,82,97.028,Win
14300,-174.25,105,0,0.504,82,95.811,Death
14400,-65.47,59,0,0.502,82,94.343,Death
14500,-318.2,131,0,0.499,82,93.091,Death
14600,-283.85,77,0,0.497,82,92.687,Death
14700,-109.65,73,0,0.495,82,91.377,Death
14800,-86.55,64,0,0.493,82,89.119,Death
14900,-157.75,162,0,0.49,82,86.385,Death
15000,380.8,71,1,0.488,82,86.26,Win
15100,-62.3,39,0,0.486,82,86.131,Death
15200,-86.3,73,0,0.484,82,84.72,Death
15300,-150.67,383,1,0.482,82,83.063,Win
15400,-178.47,119,0,0.479,82,84.386,Death
15500,352.4,219,1,0.477,82,83.609,Win
15600,527.86,60,1,0.475,82,82.648,Win
15700,-55.15,23,0,0.473,82,81.612,Death
15800,397.25,175,1,0.47,82,80.757,Win
15900,-51.25,32,0,0.468,82,80.728,Death
16000,-51.59,29,0,0.466,82,80.466,Death
16100,412.4,265,1,0.464,82,81.977,Win
16200,-54.5,30,0,0.461,82,81.732,Death
16300,-238.95,119,0,0.459,82,81.161,Death
16400,-418.4,201,0,0.457,82,81.053,Death
16500,-123.05,108,0,0.455,82,81.581,Death
16600,-55.2,31,0,0.452,82,78.187,Death
16700,-220.7,94,0,0.45,82,79.166,Death
16800,-68.7,27,0,0.448,82,77.354,Death
16900,-86.75,88,0,0.446,82,76.603,Death
17000,-119.35,114,0,0.444,82,75.158,Death
17100,-132.09,59,0,0.441,82,75.208,Death
17200,317.11,115,1,0.439,82,76.241,Win
17300,-56.84,34,0,0.437,82,74.743,Death
17400,520.96,58,1,0.435,82,75.641,Win
17500,-58.4,28,0,0.432,82,75.702,Death
17600,-362.1,162,0,0.43,82,75.824,Death
17700,-368.37,197,0,0.428,82,76.223,Death
17800,-355.1,242,0,0.426,82,75.539,Death
17900,423.25,55,1,0.423,82,76.12,Win
18000,-281.05,114,0,0.421,82,76.388,Death
18100,409.93,131,1,0.419,82,76.061,Win
18200,-185.25,105,0,0.417,82,73.734,Death
18300,-91.4,108,0,0.414,82,74.858,Death
18400,-76.2,44,0,0.412,82,73.19,Death
18500,481.93,111,1,0.41,82,72.669,Win
18600,-271.75,175,0,0.408,82,73.105,Death
18700,470.13,67,1,0.406,82,72.664,Win
18800,-59.54,28,0,0.403,82,72.922,Death
18900,-420.5,217,0,0.401,82,72.006,Death
19000,-108.52,80,0,0.399,82,72.73,Death
19100,-57.3,26,0,0.397,82,71.392,Death
19200,-386.75,255,0,0.394,82,70.952,Death
19300,-207.0,67,0,0.392,82,70.388,Death
19400,551.05,26,1,0.39,82,70.962,Win
19500,-75.2,57,0,0.388,82,71.324,Death
19600,-307.57,121,0,0.385,82,71.355,Death
19700,-78.1,42,0,0.383,82,71.073,Death
19800,-277.95,99,0,0.381,82,70.902,Death
19900,-88.94,76,0,0.379,82,71.17,Death
20000,-87.27,75,0,0.376,82,70.766,Death
20100,-57.1,29,0,0.374,82,69.909,Death
20200,379.58,158,1,0.372,82,67.992,Win
20300,-84.15,43,0,0.37,82,68.934,Death
20400,-213.2,217,0,0.368,82,66.819,Death
20500,-65.25,25,0,0.365,82,66.201,Death
20600,517.46,48,1,0.363,82,66.261,Win
20700,-123.2,71,0,0.361,82,65.86,Death
20800,541.15,17,1,0.359,82,68.29,Win
20900,542.9,29,1,0.356,82,67.696,Win
21000,-68.17,113,0,0.354,82,66.556,Death
21100,-326.45,189,0,0.352,82,65.704,Death
21200,-76.05,61,0,0.35,82,64.365,Death
21300,-92.7,61,0,0.347,82,63.272,Death
21400,-53.75,15,0,0.345,82,63.232,Death
21500,-57.15,23,0,0.343,82,63.021,Death
21600,-87.2,91,0,0.341,82,64.42,Death
21700,-54.17,33,0,0.338,82,64.45,Death
21800,-54.75,15,0,0.336,82,65.278,Death
21900,-220.8,76,0,0.334,82,65.269,Death
22000,-82.6,39,0,0.332,82,64.452,Death
22100,-374.1,282,0,0.33,82,62.233,Death
22200,-80.1,42,0,0.327,82,62.82,Death
22300,-61.45,82,0,0.325,82,63.796,Death
22400,533.35,40,1,0.323,82,63.647,Win
22500,-97.2,77,0,0.321,82,64.337,Death
22600,-185.65,93,0,0.318,82,64.229,Death
22700,431.95,114,1,0.316,82,63.94,Win
22800,-59.75,15,0,0.314,82,66.517,Death
22900,-219.7,141,0,0.312,82,66.488,Death
23000,-80.5,50,0,0.309,82,64.8,Death
23100,-191.15,110,0,0.307,82,64.395,Death
23200,-96.95,79,0,0.305,82,62.749,Death
23300,-49.6,19,0,0.303,82,64.296,Death
23400,547.35,26,1,0.3,82,63.51,Win
23500,-114.9,91,0,0.298,82,63.772,Death
23600,-136.49,67,0,0.296,82,63.039,Death
23700,-91.8,49,0,0.294,82,62.802,Death
23800,-53.2,31,0,0.292,82,63.171,Death
23900,547.85,30,1,0.289,82,63.273,Win
24000,-101.6,79,0,0.287,82,62.996,Death
24100,-74.47,39,0,0.285,82,63.561,Death
24200,-53.65,13,0,0.283,82,62.807,Death
24300,-53.3,19,0,0.28,82,62.414,Death
24400,-50.8,16,0,0.278,82,61.184,Death
24500,-145.25,65,0,0.276,82,61.882,Death
24600,454.75,78,1,0.274,82,60.524,Win
24700,419.3,94,1,0.271,82,59.674,Win
24800,-119.2,44,0,0.269,82,58.928,Death
24900,-104.4,48,0,0.267,82,60.764,Death
25000,-127.54,28,0,0.265,82,61.221,Death
25100,-67.1,42,0,0.598,98,52.01,Death
25200,-56.46,25,0,0.596,101,50.646,Death
25300,-52.35,20,0,0.593,101,50.604,Death
25400,-57.95,26,0,0.591,103,50.966,Death
25500,-44.74,21,0,0.589,103,49.761,Death
25600,-49.03,25,0,0.587,103,49.697,Death
25700,-103.24,31,0,0.584,103,50.788,Death
25800,-50.68,38,0,0.582,103,49.545,Death
25900,-55.35,32,0,0.58,103,48.815,Death
26000,-45.59,18,0,0.578,103,49.478,Death
26100,-46.02,23,0,0.575,103,49.254,Death
26200,-221.95,39,0,0.573,103,49.418,Death
26300,-34.63,12,0,0.571,103,48.384,Death
26400,-44.94,25,0,0.569,103,48.037,Death
26500,-60.3,19,0,0.566,103,47.958,Death
26600,-43.69,20,0,0.564,103,47.48,Death
26700,-48.68,33,0,0.562,103,46.938,Death
26800,-48.84,14,0,0.56,103,46.866,Death
26900,-63.85,30,0,0.558,103,46.165,Death
27000,-64.54,28,0,0.555,103,46.739,Death
27100,-54.05,28,0,0.553,103,47.253,Death
27200,-72.29,59,0,0.551,103,47.094,Death
27300,-41.97,22,0,0.549,103,47.357,Death
27400,-46.88,17,0,0.546,103,46.213,Death
27500,-312.19,117,0,0.544,104,45.766,Death
27600,-212.95,66,0,0.542,104,45.292,Death
27700,544.06,25,1,0.54,104,45.262,Win
27800,-83.65,33,0,0.537,104,45.498,Death
27900,-55.6,12,0,0.535,104,46.606,Death
28000,-65.64,30,0,0.533,104,46.92,Death
28100,-61.7,27,0,0.531,104,46.93,Death
28200,-47.79,22,0,0.528,104,47.286,Death
28300,-50.79,22,0,0.526,104,46.018,Death
28400,-59.3,51,0,0.524,104,45.931,Death
28500,-80.01,36,0,0.522,104,46.861,Death
28600,539.48,20,1,0.52,104,45.624,Win
28700,468.01,97,1,0.517,104,46.651,Win
28800,-178.58,51,0,0.515,104,46.803,Death
28900,550.35,20,1,0.513,104,46.448,Win
29000,-56.95,19,0,0.511,104,46.071,Death
29100,-42.06,17,0,0.508,104,46.34,Death
29200,-77.13,47,0,0.506,104,46.428,Death
29300,-51.49,36,0,0.504,104,45.767,Death
29400,-64.55,31,0,0.502,104,45.735,Death
29500,-60.94,25,0,0.499,104,45.158,Death
29600,-57.95,32,0,0.497,104,44.865,Death
29700,-58.8,29,0,0.495,104,45.265,Death
29800,547.3,19,1,0.493,104,46.265,Win
29900,540.61,34,1,0.49,104,46.721,Win
30000,-33.77,18,0,0.488,104,45.8,Death
30100,549.91,28,1,0.486,104,46.762,Win
30200,485.13,27,1,0.484,104,46.556,Win
30300,-58.49,55,0,0.482,104,46.221,Death
30400,-51.09,39,0,0.479,104,46.075,Death
30500,-54.8,23,0,0.477,104,45.814,Death
30600,447.95,54,1,0.475,104,46.029,Win
30700,-46.51,26,0,0.473,105,45.991,Death
30800,-49.04,27,0,0.47,105,46.014,Death
30900,-45.67,23,0,0.468,105,45.091,Death
31000,-52.09,19,0,0.466,105,44.908,Death
31100,-116.12,32,0,0.464,105,43.886,Death
31200,-68.5,37,0,0.461,105,44.432,Death
31300,-42.82,19,0,0.459,105,43.899,Death
31400,-48.04,27,0,0.457,105,44.134,Death
31500,-124.29,51,0,0.455,105,44.766,Death
31600,-97.28,30,0,0.452,106,44.922,Death
31700,-69.5,30,0,0.45,106,44.119,Death
31800,-75.95,26,0,0.448,106,44.012,Death
31900,-136.05,34,0,0.446,106,43.739,Death
32000,-48.8,29,0,0.444,106,43.46,Death
32100,-51.03,25,0,0.441,106,43.224,Death
32200,-111.45,36,0,0.439,106,44.231,Death
32300,144.3,127,1,0.437,106,43.92,Win
32400,-91.9,43,0,0.435,106,43.944,Death
32500,-96.08,46,0,0.432,106,43.74,Death
32600,-47.92,28,0,0.43,106,43.543,Death
32700,-43.4,13,0,0.428,106,43.215,Death
32800,-64.17,33,0,0.426,106,42.916,Death
32900,-106.25,45,0,0.423,106,42.325,Death
33000,-42.04,26,0,0.421,106,42.345,Death
33100,-72.92,28,0,0.419,106,42.391,Death
33200,-46.67,36,0,0.417,106,43.008,Death
33300,549.36,18,1,0.414,106,42.754,Win
33400,-31.17,16,0,0.412,106,43.881,Death
33500,-94.92,28,0,0.41,106,43.266,Death
33600,-50.79,21,0,0.408,106,43.033,Death
33700,-46.88,22,0,0.406,106,43.308,Death
33800,-45.44,15,0,0.403,106,42.998,Death
33900,-143.35,34,0,0.401,106,42.883,Death
34000,-44.43,13,0,0.399,106,42.812,Death
34100,527.08,28,1,0.397,106,44.171,Win
34200,497.68,36,1,0.394,106,44.144,Win
34300,554.71,32,1,0.392,106,44.793,Win
34400,-64.05,34,0,0.39,106,44.758,Death
34500,-50.34,32,0,0.388,106,44.483,Death
34600,-42.12,25,0,0.385,106,44.82,Death
34700,-373.04,146,0,0.383,106,45.061,Death
34800,551.16,14,1,0.381,106,45.588,Win
34900,-33.52,13,0,0.379,106,45.369,Death
35000,-49.3,33,0,0.376,106,46.182,Death
35100,-42.39,14,0,0.374,106,45.2,Death
35200,-70.69,40,0,0.372,106,45.364,Death
35300,-108.1,42,0,0.37,106,45.141,Death
35400,-54.98,44,0,0.368,106,45.014,Death
35500,-127.84,30,0,0.365,106,45.106,Death
35600,-34.77,18,0,0.363,106,45.9,Death
35700,-42.42,31,0,0.361,106,44.956,Death
35800,-60.85,22,0,0.359,106,45.367,Death
35900,-54.18,28,0,0.356,106,46.595,Death
36000,-116.15,36,0,0.354,106,45.485,Death
36100,-64.61,28,0,0.352,106,46.094,Death
36200,-70.22,34,0,0.35,106,45.94,Death
36300,-56.7,14,0,0.347,106,45.906,Death
36400,521.9,29,1,0.345,106,45.939,Win
36500,-64.78,35,0,0.343,106,46.772,Death
36600,517.13,27,1,0.341,106,47.681,Win
36700,-53.35,34,0,0.338,106,46.073,Death
36800,-58.99,37,0,0.336,106,46.735,Death
36900,-46.89,15,0,0.334,106,46.424,Death
37000,558.92,21,1,0.332,106,46.642,Win
37100,535.98,30,1,0.33,106,46.682,Win
37200,-53.59,17,0,0.327,106,46.506,Death
37300,-52.85,24,0,0.325,106,45.849,Death
37400,-53.19,21,0,0.323,106,44.81,Death
37500,-32.32,19,0,0.321,106,45.417,Death
37600,-64.17,26,0,0.318,106,44.762,Death
37700,-54.1,15,0,0.316,106,44.262,Death
37800,-54.39,25,0,0.314,106,44.249,Death
37900,-169.23,84,0,0.312,106,43.314,Death
38000,-53.2,31,0,0.309,106,43.643,Death
38100,-39.79,21,0,0.307,106,43.573,Death
38200,-28.02,13,0,0.305,106,44.461,Death
38300,-74.3,39,0,0.303,106,45.215,Death
38400,-52.15,16,0,0.3,106,44.573,Death
38500,-40.89,23,0,0.298,106,44.146,Death
38600,-273.19,129,0,0.296,106,44.365,Death
38700,559.28,27,1,0.294,106,44.044,Win
38800,-42.74,21,0,0.292,106,44.617,Death
38900,-62.9,31,0,0.289,106,43.453,Death
39000,-48.52,20,0,0.287,106,43.697,Death
39100,549.1,11,1,0.285,106,43.945,Win
39200,485.55,49,1,0.283,106,44.124,Win
39300,-51.44,35,0,0.28,106,44.353,Death
39400,-48.47,19,0,0.278,106,43.801,Death
39500,-67.26,61,0,0.276,106,43.922,Death
39600,-123.15,30,0,0.274,106,44.04,Death
39700,-42.69,20,0,0.271,106,43.858,Death
39800,-55.15,16,0,0.269,106,44.175,Death
39900,-47.69,19,0,0.267,106,45.978,Death
40000,-69.69,31,0,0.265,106,46.065,Death
40100,545.11,15,1,0.262,106,46.234,Win
40200,-56.95,26,0,0.26,106,45.848,Death
40300,-54.94,16,0,0.258,106,44.674,Death
40400,-50.89,31,0,0.256,106,45.018,Death
40500,-34.22,17,0,0.254,106,45.439,Death
40600,-53.7,14,0,0.251,106,45.274,Death
40700,513.1,31,1,0.249,106,44.541,Win
40800,-53.2,17,0,0.247,106,44.067,Death
40900,-58.77,25,0,0.245,106,44.484,Death
41000,-76.19,30,0,0.242,106,44.675,Death
41100,-49.42,18,0,0.24,106,44.723,Death
41200,-66.75,48,0,0.238,106,44.229,Death
41300,-51.1,15,0,0.236,106,43.812,Death
41400,-43.57,24,0,0.233,106,43.658,Death
41500,-49.35,34,0,0.231,106,43.648,Death
41600,-80.65,26,0,0.229,106,43.331,Death
41700,-61.84,34,0,0.227,106,43.364,Death
41800,-72.79,53,0,0.224,106,42.581,Death
41900,-35.17,26,0,0.222,106,42.137,Death
42000,-68.37,37,0,0.22,106,42.481,Death
42100,341.71,59,1,0.218,106,42.326,Win
42200,-44.03,25,0,0.216,106,43.815,Death
42300,-66.71,30,0,0.213,106,44.022,Death
42400,-73.74,41,0,0.211,106,45.875,Death
42500,-54.96,35,0,0.209,106,45.386,Death
42600,-46.7,21,0,0.207,106,45.527,Death
42700,-78.81,32,0,0.204,106,46.089,Death
42800,-46.75,22,0,0.202,106,45.318,Death
42900,-115.79,73,0,0.2,106,46.3,Death
43000,-161.95,59,0,0.198,106,46.458,Death
43100,502.78,34,1,0.195,106,47.919,Win
43200,-146.95,32,0,0.193,106,49.086,Death
43300,-90.2,37,0,0.191,106,50.212,Death
43400,-85.02,50,0,0.189,106,50.876,Death
43500,-80.35,34,0,0.186,106,51.878,Death
43600,-31.02,13,0,0.184,106,50.977,Death
43700,-116.8,36,0,0.182,106,50.884,Death
43800,551.38,22,1,0.18,106,51.609,Win
43900,522.55,36,1,0.178,106,52.07,Win
44000,-41.94,24,0,0.175,106,52.924,Death
44100,-45.99,26,0,0.173,106,52.231,Death
44200,-62.8,29,0,0.171,106,53.178,Death
44300,-79.0,33,0,0.169,106,52.002,Death
44400,398.9,115,1,0.166,106,51.688,Win
44500,-80.25,32,0,0.164,106,51.721,Death
44600,-79.15,36,0,0.162,106,51.534,Death
44700,-89.87,27,0,0.16,106,51.47,Death
44800,-31.02,13,0,0.157,106,51.248,Death
44900,-83.85,24,0,0.155,107,52.185,Death
45000,-57.55,31,0,0.153,107,50.524,Death
45100,-129.94,65,0,0.151,107,50.885,Death
45200,-65.85,24,0,0.148,107,50.65,Death
45300,-54.2,24,0,0.146,107,51.031,Death
45400,352.05,86,1,0.144,107,51.962,Win
45500,540.0,13,1,0.142,107,52.244,Win
45600,-49.8,23,0,0.14,107,51.249,Death
45700,-31.22,17,0,0.137,107,50.6,Death
45800,-122.07,31,0,0.135,107,51.632,Death
45900,-55.75,22,0,0.133,107,51.646,Death
46000,398.05,39,1,0.131,107,51.66,Win
46100,-45.99,26,0,0.128,107,51.258,Death
46200,-49.09,19,0,0.126,107,50.908,Death
46300,485.63,57,1,0.124,107,51.12,Win
46400,567.48,23,1,0.122,107,50.162,Win
46500,-34.67,16,0,0.119,107,50.395,Death
46600,-30.72,27,0,0.117,107,50.647,Death
46700,-38.64,18,0,0.115,107,51.674,Death
46800,559.91,27,1,0.113,107,54.992,Win
46900,-72.49,27,0,0.11,107,56.992,Death
47000,-51.65,13,0,0.108,107,56.522,Death
47100,556.48,13,1,0.106,107,58.102,Win
47200,-80.45,29,0,0.104,107,58.001,Death
47300,-94.87,27,0,0.102,107,58.835,Death
47400,-83.15,50,0,0.099,107,59.751,Death
47500,-47.89,11,0,0.097,107,60.707,Death
47600,437.71,72,1,0.095,107,60.654,Win
47700,465.2,36,1,0.093,107,62.142,Win
47800,-55.74,40,0,0.09,107,62.358,Death
47900,445.86,40,1,0.088,107,61.845,Win
48000,-74.55,38,0,0.086,107,62.005,Death
48100,-123.99,37,0,0.084,107,62.611,Death
48200,-51.15,16,0,0.081,107,62.814,Death
48300,-120.8,41,0,0.079,107,61.932,Death
48400,-57.99,17,0,0.077,107,62.484,Death
48500,548.21,13,1,0.075,107,61.458,Win
48600,557.46,17,1,0.072,107,61.87,Win
48700,-48.99,17,0,0.07,107,61.929,Death
48800,-169.05,48,0,0.068,107,60.898,Death
48900,-42.54,17,0,0.066,107,60.283,Death
49000,-48.14,16,0,0.064,107,59.436,Death
49100,-29.02,13,0,0.061,107,62.16,Death
49200,-46.6,19,0,0.059,107,62.885,Death
49300,-53.6,12,0,0.057,107,65.331,Death
49400,-37.57,24,0,0.055,107,66.864,Death
49500,-254.65,78,0,0.052,107,68.962,Death
49600,219.81,101,1,0.05,107,71.367,Win
49700,427.7,73,1,0.05,107,70.349,Win
49800,-57.7,27,0,0.05,107,72.378,Death
49900,548.0,13,1,0.05,107,74.053,Win
50000,-61.84,34,0,0.05,107,74.326,Death
